user_id,total_events,total_sessions,active_days,login_count,product_view_count,search_count,add_to_cart_count,purchase_count,subscription_count,days_since_last_activity,days_since_last_login,days_since_last_product_view,events_per_active_day,sessions_per_active_day,search_rate,cart_rate,purchase_rate,churn
U00001,14,6,5,5,5,2,1,0,0,87,87,87,2.8,1.2,0.1429,0.0714,0.0,0
U00002,4,2,1,1,1,1,0,0,0,9,9,9,4.0,2.0,0.25,0.0,0.0,0
U00003,119,39,38,38,38,24,16,1,1,0,0,0,3.13,1.03,0.2017,0.1345,0.0084,0
U00004,15,6,5,5,5,2,2,0,0,43,43,43,3.0,1.2,0.1333,0.1333,0.0,0
U00005,3,2,1,1,1,0,0,0,0,73,73,73,3.0,2.0,0.0,0.0,0.0,0
U00006,55,17,17,16,16,11,8,1,1,73,102,102,3.24,1.0,0.2,0.1455,0.0182,0
U00008,19,7,6,6,6,3,2,1,0,112,112,112,3.17,1.17,0.1579,0.1053,0.0526,0
U00009,7,3,2,2,2,2,0,0,0,44,44,44,3.5,1.5,0.2857,0.0,0.0,0
U00010,5,2,1,1,1,1,1,0,0,12,12,12,5.0,2.0,0.2,0.2,0.0,0
U00013,34,13,12,12,12,6,3,0,0,96,96,96,2.83,1.08,0.1765,0.0882,0.0,0
U00014,26,10,9,9,9,6,1,0,0,44,44,44,2.89,1.11,0.2308,0.0385,0.0,0
U00015,53,19,18,18,18,10,5,1,0,3,3,3,2.94,1.06,0.1887,0.0943,0.0189,0
U00017,6,3,2,2,2,0,1,0,0,74,74,74,3.0,1.5,0.0,0.1667,0.0,0
U00018,26,9,8,8,8,4,3,1,1,0,0,0,3.25,1.13,0.1538,0.1154,0.0385,0
U00023,4,2,1,1,1,0,1,0,0,41,41,41,4.0,2.0,0.0,0.25,0.0,0
U00025,44,15,14,14,14,8,5,1,1,0,0,0,3.14,1.07,0.1818,0.1136,0.0227,0
U00029,105,34,33,33,33,26,10,1,1,21,21,21,3.18,1.03,0.2476,0.0952,0.0095,0
U00030,52,18,17,17,17,9,6,1,1,73,73,73,3.06,1.06,0.1731,0.1154,0.0192,0
U00031,42,14,13,13,13,11,3,1,0,36,36,36,3.23,1.08,0.2619,0.0714,0.0238,0
U00032,32,12,11,11,11,5,3,1,0,97,97,97,2.91,1.09,0.1563,0.0938,0.0313,0
U00035,58,19,19,18,18,12,6,1,1,27,84,84,3.05,1.0,0.2069,0.1034,0.0172,0
U00037,89,29,28,28,28,21,10,1,0,50,50,50,3.18,1.04,0.236,0.1124,0.0112,0
U00038,8,3,2,2,2,2,1,0,0,78,78,78,4.0,1.5,0.25,0.125,0.0,0
U00039,9,4,3,3,3,2,0,0,0,107,107,107,3.0,1.33,0.2222,0.0,0.0,0
U00041,32,11,10,10,10,7,4,0,0,32,32,32,3.2,1.1,0.2188,0.125,0.0,0
U00043,6,3,2,2,2,1,0,0,0,62,62,62,3.0,1.5,0.1667,0.0,0.0,0
U00044,13,5,4,4,4,2,2,0,0,18,18,18,3.25,1.25,0.1538,0.1538,0.0,0
U00046,13,5,4,4,4,3,1,0,0,58,58,58,3.25,1.25,0.2308,0.0769,0.0,0
U00047,108,38,37,37,37,17,14,1,1,58,58,58,2.92,1.03,0.1574,0.1296,0.0093,0
U00048,58,20,19,19,19,11,6,1,1,88,88,88,3.05,1.05,0.1897,0.1034,0.0172,0
U00049,44,15,14,14,14,8,6,1,0,43,43,43,3.14,1.07,0.1818,0.1364,0.0227,0
U00050,22,7,6,6,6,3,4,1,1,21,21,21,3.67,1.17,0.1364,0.1818,0.0455,0
U00054,15,6,5,5,5,4,0,0,0,0,0,0,3.0,1.2,0.2667,0.0,0.0,0
U00055,7,3,2,2,2,2,0,0,0,97,97,97,3.5,1.5,0.2857,0.0,0.0,0
U00058,141,42,41,41,41,35,21,1,1,52,52,52,3.44,1.02,0.2482,0.1489,0.0071,0
U00060,17,6,5,5,5,4,2,0,0,0,0,0,3.4,1.2,0.2353,0.1176,0.0,0
U00061,24,8,7,7,7,3,4,1,1,0,0,0,3.43,1.14,0.125,0.1667,0.0417,0
U00062,6,3,2,2,2,1,0,0,0,83,83,83,3.0,1.5,0.1667,0.0,0.0,0
U00063,55,18,17,17,17,13,6,1,0,61,61,61,3.24,1.06,0.2364,0.1091,0.0182,0
U00064,39,14,13,13,13,7,3,1,1,47,47,47,3.0,1.08,0.1795,0.0769,0.0256,0
U00065,40,14,13,13,13,7,5,1,0,91,91,91,3.08,1.08,0.175,0.125,0.025,0
U00067,31,11,10,10,10,8,0,1,1,58,58,58,3.1,1.1,0.2581,0.0,0.0323,0
U00068,12,5,4,4,4,1,2,0,0,92,92,92,3.0,1.25,0.0833,0.1667,0.0,0
U00070,42,14,13,13,13,7,7,1,0,48,48,48,3.23,1.08,0.1667,0.1667,0.0238,0
U00072,11,4,3,3,3,3,1,0,0,30,30,30,3.67,1.33,0.2727,0.0909,0.0,0
U00074,46,16,15,15,15,9,5,1,0,47,47,47,3.07,1.07,0.1957,0.1087,0.0217,0
U00076,12,5,4,4,4,1,1,1,0,87,87,87,3.0,1.25,0.0833,0.0833,0.0833,0
U00077,15,5,4,4,4,3,1,1,1,0,0,0,3.75,1.25,0.2,0.0667,0.0667,0
U00078,34,11,10,10,10,8,4,1,0,67,67,67,3.4,1.1,0.2353,0.1176,0.0294,0
U00079,34,11,11,10,10,6,4,1,1,31,97,97,3.09,1.0,0.1765,0.1176,0.0294,0
U00080,4,2,1,1,1,1,0,0,0,15,15,15,4.0,2.0,0.25,0.0,0.0,0
U00082,46,16,15,15,15,8,5,1,1,2,2,2,3.07,1.07,0.1739,0.1087,0.0217,0
U00084,33,11,10,10,10,7,4,1,0,65,65,65,3.3,1.1,0.2121,0.1212,0.0303,0
U00086,9,4,3,3,3,2,0,0,0,30,30,30,3.0,1.33,0.2222,0.0,0.0,0
U00088,17,6,5,5,5,3,3,0,0,22,22,22,3.4,1.2,0.1765,0.1765,0.0,0
U00089,20,7,6,6,6,6,1,0,0,83,83,83,3.33,1.17,0.3,0.05,0.0,0
U00090,26,10,9,9,9,4,2,1,0,69,69,69,2.89,1.11,0.1538,0.0769,0.0385,0
U00091,12,4,3,3,3,3,2,0,0,88,88,88,4.0,1.33,0.25,0.1667,0.0,0
U00094,20,7,6,6,6,4,3,0,0,31,31,31,3.33,1.17,0.2,0.15,0.0,0
U00095,47,17,16,16,16,10,3,1,0,40,40,40,2.94,1.06,0.2128,0.0638,0.0213,0
U00096,4,2,1,1,1,0,1,0,0,68,68,68,4.0,2.0,0.0,0.25,0.0,0
U00099,13,5,4,4,4,2,1,1,0,12,12,12,3.25,1.25,0.1538,0.0769,0.0769,0
U00100,31,11,10,10,10,5,3,1,1,47,47,47,3.1,1.1,0.1613,0.0968,0.0323,0
U00101,64,21,20,20,20,14,7,1,1,3,3,3,3.2,1.05,0.2188,0.1094,0.0156,0
U00102,19,6,5,5,5,5,3,0,0,37,37,37,3.8,1.2,0.2632,0.1579,0.0,0
U00103,26,9,8,8,8,5,4,0,0,54,54,54,3.25,1.13,0.1923,0.1538,0.0,0
U00104,30,10,9,9,9,6,3,1,1,0,0,0,3.33,1.11,0.2,0.1,0.0333,0
U00105,30,11,10,10,10,5,2,1,1,0,0,0,3.0,1.1,0.1667,0.0667,0.0333,0
U00106,4,2,1,1,1,1,0,0,0,11,11,11,4.0,2.0,0.25,0.0,0.0,0
U00107,138,49,48,48,48,25,14,1,1,0,0,0,2.88,1.02,0.1812,0.1014,0.0072,0
U00108,47,15,14,14,14,12,4,1,1,9,9,9,3.36,1.07,0.2553,0.0851,0.0213,1
U00109,112,39,38,38,38,22,11,1,1,44,44,44,2.95,1.03,0.1964,0.0982,0.0089,0
U00110,3,2,1,1,1,0,0,0,0,70,70,70,3.0,2.0,0.0,0.0,0.0,0
U00112,43,16,15,15,15,8,3,1,0,79,79,79,2.87,1.07,0.186,0.0698,0.0233,0
U00113,22,8,7,7,7,5,2,0,0,54,54,54,3.14,1.14,0.2273,0.0909,0.0,0
U00114,81,28,27,27,27,17,7,1,1,82,82,82,3.0,1.04,0.2099,0.0864,0.0123,0
U00115,39,14,13,13,13,5,5,1,1,0,0,0,3.0,1.08,0.1282,0.1282,0.0256,0
U00117,7,3,2,2,2,1,1,0,0,15,15,15,3.5,1.5,0.1429,0.1429,0.0,0
U00118,37,13,12,12,12,5,6,1,0,88,88,88,3.08,1.08,0.1351,0.1622,0.027,0
U00119,22,7,7,6,6,4,2,1,1,35,93,93,3.14,1.0,0.1818,0.0909,0.0455,0
U00120,12,5,4,4,4,3,0,0,0,83,83,83,3.0,1.25,0.25,0.0,0.0,0
U00122,54,18,17,17,17,12,6,1,0,8,8,8,3.18,1.06,0.2222,0.1111,0.0185,0
U00123,26,9,8,8,8,4,4,1,0,88,88,88,3.25,1.13,0.1538,0.1538,0.0385,0
U00125,26,9,8,8,8,5,4,0,0,1,1,1,3.25,1.13,0.1923,0.1538,0.0,0
U00126,160,53,52,52,52,37,16,1,1,44,44,44,3.08,1.02,0.2313,0.1,0.0063,0
U00127,11,5,4,4,4,1,1,0,0,44,44,44,2.75,1.25,0.0909,0.0909,0.0,0
U00128,36,13,12,12,12,8,3,0,0,40,40,40,3.0,1.08,0.2222,0.0833,0.0,0
U00129,4,2,1,1,1,0,1,0,0,58,58,58,4.0,2.0,0.0,0.25,0.0,0
U00130,9,4,3,3,3,1,1,0,0,87,87,87,3.0,1.33,0.1111,0.1111,0.0,0
U00131,37,12,11,11,11,7,6,1,0,28,28,28,3.36,1.09,0.1892,0.1622,0.027,0
U00135,78,27,26,26,26,16,7,1,1,85,85,85,3.0,1.04,0.2051,0.0897,0.0128,0
U00136,146,51,50,50,50,30,13,1,1,0,0,0,2.92,1.02,0.2055,0.089,0.0068,0
U00137,37,13,12,12,12,7,4,1,0,32,32,32,3.08,1.08,0.1892,0.1081,0.027,0
U00138,7,3,2,2,2,1,1,0,0,4,4,4,3.5,1.5,0.1429,0.1429,0.0,0
U00139,43,13,12,12,12,10,6,1,1,3,3,3,3.58,1.08,0.2326,0.1395,0.0233,0
U00140,31,11,10,10,10,6,4,0,0,92,92,92,3.1,1.1,0.1935,0.129,0.0,0
U00141,26,9,8,8,8,7,2,0,0,39,39,39,3.25,1.13,0.2692,0.0769,0.0,0
U00142,26,9,8,8,8,5,4,0,0,0,0,0,3.25,1.13,0.1923,0.1538,0.0,0
U00143,3,2,1,1,1,0,0,0,0,115,115,115,3.0,2.0,0.0,0.0,0.0,0
U00144,123,44,43,43,43,23,11,1,1,64,64,64,2.86,1.02,0.187,0.0894,0.0081,0
U00145,140,46,45,45,45,24,23,1,1,55,55,55,3.11,1.02,0.1714,0.1643,0.0071,0
U00146,106,39,38,38,38,20,7,1,1,0,0,0,2.79,1.03,0.1887,0.066,0.0094,0
U00147,21,8,7,7,7,4,2,0,0,98,98,98,3.0,1.14,0.1905,0.0952,0.0,0
U00148,98,34,33,33,33,21,9,1,0,87,87,87,2.97,1.03,0.2143,0.0918,0.0102,0
U00149,6,3,2,2,2,1,0,0,0,0,0,0,3.0,1.5,0.1667,0.0,0.0,0
U00151,63,20,19,19,19,14,8,1,1,96,96,96,3.32,1.05,0.2222,0.127,0.0159,0
U00154,3,2,1,1,1,0,0,0,0,52,52,52,3.0,2.0,0.0,0.0,0.0,0
U00155,127,43,42,42,42,25,16,1,0,70,70,70,3.02,1.02,0.1969,0.126,0.0079,0
U00156,56,19,18,18,18,11,7,1,0,24,24,24,3.11,1.06,0.1964,0.125,0.0179,0
U00158,8,4,3,3,3,1,0,0,0,0,0,0,2.67,1.33,0.125,0.0,0.0,0
U00160,74,27,26,26,26,14,6,1,0,13,13,13,2.85,1.04,0.1892,0.0811,0.0135,0
U00161,39,14,13,13,13,8,4,0,0,0,0,0,3.0,1.08,0.2051,0.1026,0.0,0
U00163,8,3,2,2,2,2,1,0,0,84,84,84,4.0,1.5,0.25,0.125,0.0,0
U00164,13,5,4,4,4,1,2,1,0,0,0,0,3.25,1.25,0.0769,0.1538,0.0769,0
U00165,26,8,8,7,7,5,3,1,1,25,57,57,3.25,1.0,0.1923,0.1154,0.0385,0
U00166,14,5,4,4,4,3,2,0,0,46,46,46,3.5,1.25,0.2143,0.1429,0.0,0
U00167,26,10,9,9,9,5,1,1,0,86,86,86,2.89,1.11,0.1923,0.0385,0.0385,0
U00168,42,15,14,14,14,8,4,1,0,48,48,48,3.0,1.07,0.1905,0.0952,0.0238,0
U00172,11,4,3,3,3,2,2,0,0,71,71,71,3.67,1.33,0.1818,0.1818,0.0,0
U00173,59,20,19,19,19,11,7,1,1,0,0,0,3.11,1.05,0.1864,0.1186,0.0169,1
U00174,57,18,17,17,17,13,7,1,1,35,35,35,3.35,1.06,0.2281,0.1228,0.0175,0
U00175,6,3,2,2,2,1,0,0,0,85,85,85,3.0,1.5,0.1667,0.0,0.0,0
U00176,60,21,20,20,20,12,5,1,1,54,54,54,3.0,1.05,0.2,0.0833,0.0167,0
U00177,51,18,17,17,17,10,5,1,0,57,57,57,3.0,1.06,0.1961,0.098,0.0196,0
U00178,5,2,1,1,1,1,1,0,0,117,117,117,5.0,2.0,0.2,0.2,0.0,0
U00179,39,13,12,12,12,9,4,1,0,0,0,0,3.25,1.08,0.2308,0.1026,0.0256,0
U00180,61,20,19,19,19,14,7,1,0,16,16,16,3.21,1.05,0.2295,0.1148,0.0164,0
U00181,11,4,3,3,3,1,3,0,0,100,100,100,3.67,1.33,0.0909,0.2727,0.0,0
U00182,10,4,3,3,3,2,1,0,0,39,39,39,3.33,1.33,0.2,0.1,0.0,0
U00183,39,13,12,12,12,9,3,1,1,0,0,0,3.25,1.08,0.2308,0.0769,0.0256,0
U00184,19,8,7,7,7,3,1,0,0,0,0,0,2.71,1.14,0.1579,0.0526,0.0,0
U00185,157,55,54,54,54,29,17,1,1,65,65,65,2.91,1.02,0.1847,0.1083,0.0064,0
U00186,56,20,19,19,19,10,7,0,0,68,68,68,2.95,1.05,0.1786,0.125,0.0,0
U00187,15,6,5,5,5,2,2,0,0,13,13,13,3.0,1.2,0.1333,0.1333,0.0,0
U00188,140,46,45,45,45,32,15,1,1,43,43,43,3.11,1.02,0.2286,0.1071,0.0071,0
U00189,26,9,8,8,8,5,2,1,1,24,24,24,3.25,1.13,0.1923,0.0769,0.0385,0
U00190,11,4,3,3,3,2,2,0,0,38,38,38,3.67,1.33,0.1818,0.1818,0.0,0
U00191,58,20,19,19,19,12,6,1,0,60,60,60,3.05,1.05,0.2069,0.1034,0.0172,0
U00192,44,15,14,14,14,7,6,1,1,31,31,31,3.14,1.07,0.1591,0.1364,0.0227,0
U00193,39,14,13,13,13,6,4,1,1,52,52,52,3.0,1.08,0.1538,0.1026,0.0256,0
U00194,63,21,20,20,20,13,8,1,0,66,66,66,3.15,1.05,0.2063,0.127,0.0159,0
U00195,39,13,12,12,12,5,7,1,1,93,93,93,3.25,1.08,0.1282,0.1795,0.0256,0
U00196,19,6,5,5,5,5,3,0,0,93,93,93,3.8,1.2,0.2632,0.1579,0.0,0
U00197,61,21,20,20,20,11,8,1,0,59,59,59,3.05,1.05,0.1803,0.1311,0.0164,0
U00198,17,5,4,4,4,3,4,1,0,15,15,15,4.25,1.25,0.1765,0.2353,0.0588,0
U00199,20,7,6,6,6,4,2,1,0,38,38,38,3.33,1.17,0.2,0.1,0.05,0
U00200,11,5,4,4,4,1,1,0,0,49,49,49,2.75,1.25,0.0909,0.0909,0.0,0
U00201,31,12,11,11,11,3,4,1,0,90,90,90,2.82,1.09,0.0968,0.129,0.0323,0
U00202,17,6,5,5,5,2,2,1,1,0,0,0,3.4,1.2,0.1176,0.1176,0.0588,0
U00203,9,4,3,3,3,2,0,0,0,83,83,83,3.0,1.33,0.2222,0.0,0.0,0
U00205,29,11,10,10,10,4,3,1,0,0,0,0,2.9,1.1,0.1379,0.1034,0.0345,0
U00208,26,9,8,8,8,6,3,0,0,107,107,107,3.25,1.13,0.2308,0.1154,0.0,0
U00212,9,4,3,3,3,2,0,0,0,6,6,6,3.0,1.33,0.2222,0.0,0.0,0
U00214,51,16,15,15,15,11,8,1,0,10,10,10,3.4,1.07,0.2157,0.1569,0.0196,0
U00215,28,9,9,8,8,3,5,1,1,42,103,103,3.11,1.0,0.1071,0.1786,0.0357,0
U00216,95,32,31,31,31,23,7,1,1,31,31,31,3.06,1.03,0.2421,0.0737,0.0105,0
U00218,138,45,44,44,44,25,22,1,1,41,41,41,3.14,1.02,0.1812,0.1594,0.0072,0
U00219,8,3,2,2,2,2,1,0,0,0,0,0,4.0,1.5,0.25,0.125,0.0,0
U00220,24,8,7,7,7,5,2,1,1,99,99,99,3.43,1.14,0.2083,0.0833,0.0417,0
U00221,7,3,2,2,2,1,1,0,0,11,11,11,3.5,1.5,0.1429,0.1429,0.0,0
U00223,126,42,41,41,41,26,15,1,1,6,6,6,3.07,1.02,0.2063,0.119,0.0079,0
U00226,30,9,8,8,8,7,5,1,0,5,5,5,3.75,1.13,0.2333,0.1667,0.0333,0
U00227,52,18,17,17,17,11,5,1,0,31,31,31,3.06,1.06,0.2115,0.0962,0.0192,0
U00229,18,6,5,5,5,4,3,0,0,17,17,17,3.6,1.2,0.2222,0.1667,0.0,0
U00232,54,17,17,16,16,12,6,1,1,21,40,40,3.18,1.0,0.2222,0.1111,0.0185,0
U00233,23,9,8,8,8,4,2,0,0,109,109,109,2.88,1.13,0.1739,0.087,0.0,0
U00235,40,14,13,13,13,7,5,1,0,39,39,39,3.08,1.08,0.175,0.125,0.025,0
U00237,7,3,2,2,2,2,0,0,0,47,47,47,3.5,1.5,0.2857,0.0,0.0,0
U00239,11,4,3,3,3,1,2,1,0,0,0,0,3.67,1.33,0.0909,0.1818,0.0909,0
U00240,44,16,15,15,15,7,5,1,0,80,80,80,2.93,1.07,0.1591,0.1136,0.0227,0
U00241,46,16,15,15,15,10,4,1,0,99,99,99,3.07,1.07,0.2174,0.087,0.0217,0
U00243,12,5,4,4,4,2,1,0,0,38,38,38,3.0,1.25,0.1667,0.0833,0.0,0
U00245,18,7,6,6,6,3,2,0,0,0,0,0,3.0,1.17,0.1667,0.1111,0.0,0
U00246,87,28,27,27,27,19,11,1,1,68,68,68,3.22,1.04,0.2184,0.1264,0.0115,0
U00247,43,14,13,13,13,9,6,1,0,0,0,0,3.31,1.08,0.2093,0.1395,0.0233,0
U00249,19,7,6,6,6,3,3,0,0,35,35,35,3.17,1.17,0.1579,0.1579,0.0,0
U00250,44,15,14,14,14,9,4,1,1,73,73,73,3.14,1.07,0.2045,0.0909,0.0227,0
U00251,4,2,1,1,1,1,0,0,0,3,3,3,4.0,2.0,0.25,0.0,0.0,0
U00253,32,12,11,11,11,5,2,1,1,0,0,0,2.91,1.09,0.1563,0.0625,0.0313,0
U00255,119,40,39,39,39,23,16,1,0,70,70,70,3.05,1.03,0.1933,0.1345,0.0084,0
U00259,27,10,9,9,9,4,3,1,0,0,0,0,3.0,1.11,0.1481,0.1111,0.037,0
U00260,61,20,19,19,19,13,8,1,0,57,57,57,3.21,1.05,0.2131,0.1311,0.0164,0
U00261,81,28,27,27,27,16,9,1,0,37,37,37,3.0,1.04,0.1975,0.1111,0.0123,0
U00264,55,17,16,16,16,12,8,1,1,17,17,17,3.44,1.06,0.2182,0.1455,0.0182,0
U00265,59,21,20,20,20,13,4,1,0,21,21,21,2.95,1.05,0.2203,0.0678,0.0169,0
U00266,54,17,16,16,16,12,9,0,0,10,10,10,3.38,1.06,0.2222,0.1667,0.0,0
U00271,24,8,7,7,7,6,2,1,0,16,16,16,3.43,1.14,0.25,0.0833,0.0417,0
U00272,16,6,5,5,5,4,1,0,0,59,59,59,3.2,1.2,0.25,0.0625,0.0,0
U00274,52,19,18,18,18,9,5,1,0,20,20,20,2.89,1.06,0.1731,0.0962,0.0192,0
U00275,50,17,16,16,16,8,7,1,1,0,0,0,3.13,1.06,0.16,0.14,0.02,1
U00279,28,10,9,9,9,5,2,1,1,0,0,0,3.11,1.11,0.1786,0.0714,0.0357,0
U00280,32,11,10,10,10,7,4,0,0,43,43,43,3.2,1.1,0.2188,0.125,0.0,0
U00282,90,32,31,31,31,16,9,1,1,0,0,0,2.9,1.03,0.1778,0.1,0.0111,0
U00283,58,21,20,20,20,11,5,1,0,63,63,63,2.9,1.05,0.1897,0.0862,0.0172,0
U00284,48,16,16,15,15,9,5,1,1,30,78,78,3.0,1.0,0.1875,0.1042,0.0208,0
U00285,16,6,5,5,5,2,3,0,0,79,79,79,3.2,1.2,0.125,0.1875,0.0,0
U00286,47,16,15,15,15,9,5,1,1,35,35,35,3.13,1.07,0.1915,0.1064,0.0213,0
U00287,5,2,1,1,1,1,1,0,0,22,22,22,5.0,2.0,0.2,0.2,0.0,0
U00290,13,5,4,4,4,3,0,1,0,0,0,0,3.25,1.25,0.2308,0.0,0.0769,0
U00291,30,11,10,10,10,6,3,0,0,77,77,77,3.0,1.1,0.2,0.1,0.0,0
U00292,25,8,7,7,7,6,2,1,1,12,12,12,3.57,1.14,0.24,0.08,0.04,0
U00293,131,42,41,41,41,28,18,1,1,0,0,0,3.2,1.02,0.2137,0.1374,0.0076,0
U00295,51,17,16,16,16,9,8,1,0,22,22,22,3.19,1.06,0.1765,0.1569,0.0196,0
U00297,131,46,45,45,45,28,10,1,1,0,0,0,2.91,1.02,0.2137,0.0763,0.0076,0
U00298,151,50,49,49,49,29,22,1,0,22,22,22,3.08,1.02,0.1921,0.1457,0.0066,0
U00300,38,12,11,11,11,8,6,1,0,73,73,73,3.45,1.09,0.2105,0.1579,0.0263,0
U00301,13,5,4,4,4,3,1,0,0,26,26,26,3.25,1.25,0.2308,0.0769,0.0,0
U00305,37,13,12,12,12,7,3,1,1,17,17,17,3.08,1.08,0.1892,0.0811,0.027,0
U00307,25,8,7,7,7,5,3,1,1,1,1,1,3.57,1.14,0.2,0.12,0.04,0
U00308,35,13,12,12,12,6,3,1,0,25,25,25,2.92,1.08,0.1714,0.0857,0.0286,0
U00309,99,35,34,34,34,17,11,1,1,64,64,64,2.91,1.03,0.1717,0.1111,0.0101,0
U00310,49,17,16,16,16,8,7,1,0,98,98,98,3.06,1.06,0.1633,0.1429,0.0204,0
U00311,22,7,6,6,6,4,4,1,0,14,14,14,3.67,1.17,0.1818,0.1818,0.0455,0
U00313,3,2,1,1,1,0,0,0,0,9,9,9,3.0,2.0,0.0,0.0,0.0,0
U00317,59,20,19,19,19,11,8,1,0,25,25,25,3.11,1.05,0.1864,0.1356,0.0169,0
U00318,35,11,10,10,10,8,4,1,1,50,50,50,3.5,1.1,0.2286,0.1143,0.0286,0
U00319,17,6,5,5,5,4,2,0,0,23,23,23,3.4,1.2,0.2353,0.1176,0.0,0
U00321,19,8,7,7,7,4,0,0,0,8,8,8,2.71,1.14,0.2105,0.0,0.0,0
U00322,100,34,33,33,33,20,11,1,1,73,73,73,3.03,1.03,0.2,0.11,0.01,0
U00323,13,5,4,4,4,2,1,1,0,79,79,79,3.25,1.25,0.1538,0.0769,0.0769,0
U00325,17,7,6,6,6,2,2,0,0,107,107,107,2.83,1.17,0.1176,0.1176,0.0,0
U00328,48,17,16,16,16,8,6,1,0,16,16,16,3.0,1.06,0.1667,0.125,0.0208,0
U00329,45,14,13,13,13,11,7,0,0,53,53,53,3.46,1.08,0.2444,0.1556,0.0,0
U00330,14,5,4,4,4,3,1,1,0,0,0,0,3.5,1.25,0.2143,0.0714,0.0714,0
U00331,16,5,4,4,4,3,4,0,0,63,63,63,4.0,1.25,0.1875,0.25,0.0,0
U00333,15,6,5,5,5,3,0,1,0,72,72,72,3.0,1.2,0.2,0.0,0.0667,0
U00334,10,4,3,3,3,1,2,0,0,0,0,0,3.33,1.33,0.1,0.2,0.0,0
U00335,7,3,2,2,2,1,1,0,0,65,65,65,3.5,1.5,0.1429,0.1429,0.0,0
U00336,24,8,7,7,7,5,2,1,1,106,106,106,3.43,1.14,0.2083,0.0833,0.0417,0
U00337,39,13,12,12,12,9,3,1,1,0,0,0,3.25,1.08,0.2308,0.0769,0.0256,0
U00339,10,4,3,3,3,2,1,0,0,45,45,45,3.33,1.33,0.2,0.1,0.0,0
U00340,38,13,12,12,12,4,8,1,0,99,99,99,3.17,1.08,0.1053,0.2105,0.0263,0
U00341,101,34,33,33,33,20,12,1,1,65,65,65,3.06,1.03,0.198,0.1188,0.0099,0
U00342,58,20,19,19,19,12,5,1,1,66,66,66,3.05,1.05,0.2069,0.0862,0.0172,0
U00343,160,55,54,54,54,29,21,1,0,5,5,5,2.96,1.02,0.1812,0.1313,0.0063,0
U00344,53,19,18,18,18,11,4,1,0,30,30,30,2.94,1.06,0.2075,0.0755,0.0189,0
U00345,37,14,13,13,13,7,2,1,0,24,24,24,2.85,1.08,0.1892,0.0541,0.027,0
U00346,5,3,2,2,2,0,0,0,0,71,71,71,2.5,1.5,0.0,0.0,0.0,0
U00348,20,8,7,7,7,2,2,1,0,49,49,49,2.86,1.14,0.1,0.1,0.05,0
U00354,16,6,5,5,5,4,1,0,0,74,74,74,3.2,1.2,0.25,0.0625,0.0,0
U00355,41,15,14,14,14,9,2,1,0,52,52,52,2.93,1.07,0.2195,0.0488,0.0244,0
U00357,5,2,1,1,1,1,1,0,0,11,11,11,5.0,2.0,0.2,0.2,0.0,0
U00358,9,4,3,3,3,2,0,0,0,114,114,114,3.0,1.33,0.2222,0.0,0.0,0
U00360,4,2,1,1,1,1,0,0,0,70,70,70,4.0,2.0,0.25,0.0,0.0,0
U00363,149,55,54,54,54,23,16,1,0,59,59,59,2.76,1.02,0.1544,0.1074,0.0067,0
U00365,11,5,4,4,4,1,1,0,0,82,82,82,2.75,1.25,0.0909,0.0909,0.0,0
U00366,149,52,51,51,51,23,21,1,1,0,0,0,2.92,1.02,0.1544,0.1409,0.0067,0
U00368,9,4,3,3,3,1,1,0,0,12,12,12,3.0,1.33,0.1111,0.1111,0.0,0
U00369,15,6,5,5,5,3,1,0,0,30,30,30,3.0,1.2,0.2,0.0667,0.0,0
U00370,53,17,16,16,16,11,8,1,0,61,61,61,3.31,1.06,0.2075,0.1509,0.0189,0
U00371,59,21,20,20,20,8,9,1,0,0,0,0,2.95,1.05,0.1356,0.1525,0.0169,0
U00372,102,36,35,35,35,22,7,1,1,32,32,32,2.91,1.03,0.2157,0.0686,0.0098,0
U00373,22,8,7,7,7,3,3,1,0,30,30,30,3.14,1.14,0.1364,0.1364,0.0455,0
U00375,14,6,5,5,5,3,0,0,0,90,90,90,2.8,1.2,0.2143,0.0,0.0,0
U00376,27,9,8,8,8,5,3,1,1,13,13,13,3.38,1.13,0.1852,0.1111,0.037,0
U00378,27,10,9,9,9,5,2,1,0,81,81,81,3.0,1.11,0.1852,0.0741,0.037,0
U00379,46,17,16,16,16,11,1,1,0,37,37,37,2.88,1.06,0.2391,0.0217,0.0217,0
U00380,85,26,25,25,25,22,10,1,1,44,44,44,3.4,1.04,0.2588,0.1176,0.0118,0
U00382,14,6,5,5,5,1,0,1,1,0,0,0,2.8,1.2,0.0714,0.0,0.0714,0
U00384,31,9,8,8,8,7,5,1,1,19,19,19,3.88,1.13,0.2258,0.1613,0.0323,1
U00385,28,10,9,9,9,5,3,1,0,25,25,25,3.11,1.11,0.1786,0.1071,0.0357,0
U00386,48,17,16,16,16,7,6,1,1,56,56,56,3.0,1.06,0.1458,0.125,0.0208,1
U00387,19,6,5,5,5,5,3,0,0,115,115,115,3.8,1.2,0.2632,0.1579,0.0,0
U00393,113,36,35,35,35,25,16,1,0,73,73,73,3.23,1.03,0.2212,0.1416,0.0088,0
U00394,156,54,53,53,53,28,19,1,1,52,52,52,2.94,1.02,0.1795,0.1218,0.0064,0
U00395,114,38,37,37,37,23,14,1,1,0,0,0,3.08,1.03,0.2018,0.1228,0.0088,0
U00399,78,27,26,26,26,13,10,1,1,23,23,23,3.0,1.04,0.1667,0.1282,0.0128,1
U00401,150,52,51,51,51,26,19,1,1,67,67,67,2.94,1.02,0.1733,0.1267,0.0067,0
U00402,9,4,3,3,3,1,1,0,0,0,0,0,3.0,1.33,0.1111,0.1111,0.0,0
U00403,12,5,4,4,4,1,2,0,0,89,89,89,3.0,1.25,0.0833,0.1667,0.0,0
U00404,71,22,21,21,21,15,12,1,0,0,0,0,3.38,1.05,0.2113,0.169,0.0141,0
U00405,3,2,1,1,1,0,0,0,0,61,61,61,3.0,2.0,0.0,0.0,0.0,0
U00406,55,19,18,18,18,12,5,1,0,81,81,81,3.06,1.06,0.2182,0.0909,0.0182,0
U00409,12,5,4,4,4,3,0,0,0,25,25,25,3.0,1.25,0.25,0.0,0.0,0
U00410,30,12,11,11,11,5,1,1,0,93,93,93,2.73,1.09,0.1667,0.0333,0.0333,0
U00411,23,8,7,7,7,5,2,1,0,14,14,14,3.29,1.14,0.2174,0.087,0.0435,0
U00412,31,10,9,9,9,5,6,1,0,29,29,29,3.44,1.11,0.1613,0.1935,0.0323,0
U00413,37,12,11,11,11,6,6,1,1,87,87,87,3.36,1.09,0.1622,0.1622,0.027,0
U00414,17,6,5,5,5,3,2,1,0,7,7,7,3.4,1.2,0.1765,0.1176,0.0588,0
U00415,6,3,2,2,2,1,0,0,0,8,8,8,3.0,1.5,0.1667,0.0,0.0,0
U00420,56,19,18,18,18,9,8,1,1,47,47,47,3.11,1.06,0.1607,0.1429,0.0179,0
U00422,53,16,15,15,15,11,9,1,1,0,0,0,3.53,1.07,0.2075,0.1698,0.0189,0
U00424,47,18,17,17,17,7,5,0,0,63,63,63,2.76,1.06,0.1489,0.1064,0.0,0
U00425,33,11,10,10,10,8,3,1,0,88,88,88,3.3,1.1,0.2424,0.0909,0.0303,0
U00426,57,18,17,17,17,10,10,1,1,2,2,2,3.35,1.06,0.1754,0.1754,0.0175,0
U00427,112,37,36,36,36,21,16,1,1,76,76,76,3.11,1.03,0.1875,0.1429,0.0089,0
U00428,5,2,1,1,1,1,1,0,0,86,86,86,5.0,2.0,0.2,0.2,0.0,0
U00429,129,45,44,44,44,25,13,1,1,26,26,26,2.93,1.02,0.1938,0.1008,0.0078,0
U00430,141,47,46,46,46,26,21,1,0,48,48,48,3.07,1.02,0.1844,0.1489,0.0071,0
U00431,14,5,4,4,4,3,1,1,0,69,69,69,3.5,1.25,0.2143,0.0714,0.0714,0
U00433,46,16,15,15,15,9,5,1,0,62,62,62,3.07,1.07,0.1957,0.1087,0.0217,0
U00434,158,53,52,52,52,32,20,1,0,46,46,46,3.04,1.02,0.2025,0.1266,0.0063,0
U00435,38,13,12,12,12,5,7,1,0,57,57,57,3.17,1.08,0.1316,0.1842,0.0263,0
U00436,10,4,3,3,3,2,1,0,0,10,10,10,3.33,1.33,0.2,0.1,0.0,0
U00437,10,4,3,3,3,2,1,0,0,74,74,74,3.33,1.33,0.2,0.1,0.0,0
U00440,8,3,2,2,2,2,1,0,0,82,82,82,4.0,1.5,0.25,0.125,0.0,0
U00442,97,33,32,32,32,20,11,1,0,0,0,0,3.03,1.03,0.2062,0.1134,0.0103,0
U00444,18,7,6,6,6,3,2,0,0,82,82,82,3.0,1.17,0.1667,0.1111,0.0,0
U00445,154,53,52,52,52,30,17,1,1,27,27,27,2.96,1.02,0.1948,0.1104,0.0065,0
U00446,8,3,2,2,2,2,1,0,0,9,9,9,4.0,1.5,0.25,0.125,0.0,0
U00447,38,15,14,14,14,7,1,1,0,106,106,106,2.71,1.07,0.1842,0.0263,0.0263,0
U00448,22,8,7,7,7,5,0,1,1,35,35,35,3.14,1.14,0.2273,0.0,0.0455,1
U00449,48,16,15,15,15,8,8,1,0,97,97,97,3.2,1.07,0.1667,0.1667,0.0208,0
U00450,9,4,3,3,3,1,1,0,0,66,66,66,3.0,1.33,0.1111,0.1111,0.0,0
U00451,57,19,18,18,18,12,6,1,1,61,61,61,3.17,1.06,0.2105,0.1053,0.0175,0
U00452,14,5,4,4,4,2,2,1,0,26,26,26,3.5,1.25,0.1429,0.1429,0.0714,0
U00453,122,41,40,40,40,24,16,1,0,52,52,52,3.05,1.02,0.1967,0.1311,0.0082,0
U00454,64,21,20,20,20,14,8,1,0,23,23,23,3.2,1.05,0.2188,0.125,0.0156,0
U00455,19,9,8,8,8,2,0,0,0,54,54,54,2.38,1.13,0.1053,0.0,0.0,0
U00457,25,8,7,7,7,6,2,1,1,18,18,18,3.57,1.14,0.24,0.08,0.04,1
U00460,17,6,5,5,5,3,2,1,0,82,82,82,3.4,1.2,0.1765,0.1176,0.0588,0
U00461,45,14,13,13,13,11,6,1,0,82,82,82,3.46,1.08,0.2444,0.1333,0.0222,0
U00463,53,19,18,18,18,10,5,1,0,74,74,74,2.94,1.06,0.1887,0.0943,0.0189,0
U00464,13,5,4,4,4,2,2,0,0,67,67,67,3.25,1.25,0.1538,0.1538,0.0,0
U00465,23,7,6,6,6,6,3,1,0,45,45,45,3.83,1.17,0.2609,0.1304,0.0435,0
U00466,7,4,3,3,3,0,0,0,0,49,49,49,2.33,1.33,0.0,0.0,0.0,0
U00468,14,5,4,4,4,3,2,0,0,74,74,74,3.5,1.25,0.2143,0.1429,0.0,0
U00469,19,7,6,6,6,3,2,1,0,103,103,103,3.17,1.17,0.1579,0.1053,0.0526,0
U00470,38,13,12,12,12,8,5,0,0,5,5,5,3.17,1.08,0.2105,0.1316,0.0,0
U00471,127,42,41,41,41,26,16,1,1,31,31,31,3.1,1.02,0.2047,0.126,0.0079,0
U00472,7,3,2,2,2,2,0,0,0,52,52,52,3.5,1.5,0.2857,0.0,0.0,0
U00473,50,17,16,16,16,10,5,1,1,36,36,36,3.13,1.06,0.2,0.1,0.02,0
U00476,41,14,13,13,13,8,4,1,1,101,101,101,3.15,1.08,0.1951,0.0976,0.0244,0
U00477,75,26,25,25,25,14,8,1,1,91,91,91,3.0,1.04,0.1867,0.1067,0.0133,0
U00478,48,15,14,14,14,10,7,1,1,0,0,0,3.43,1.07,0.2083,0.1458,0.0208,0
U00479,26,8,7,7,7,5,4,1,1,111,111,111,3.71,1.14,0.1923,0.1538,0.0385,0
U00483,34,11,10,10,10,6,5,1,1,26,26,26,3.4,1.1,0.1765,0.1471,0.0294,0
U00484,35,14,13,13,13,5,3,0,0,3,3,3,2.69,1.08,0.1429,0.0857,0.0,0
U00486,15,6,5,5,5,1,3,0,0,98,98,98,3.0,1.2,0.0667,0.2,0.0,0
U00487,17,6,5,5,5,5,1,0,0,35,35,35,3.4,1.2,0.2941,0.0588,0.0,0
U00490,17,6,5,5,5,4,1,1,0,32,32,32,3.4,1.2,0.2353,0.0588,0.0588,0
U00491,42,14,13,13,13,9,5,1,0,77,77,77,3.23,1.08,0.2143,0.119,0.0238,0
U00492,15,5,4,4,4,3,2,1,0,92,92,92,3.75,1.25,0.2,0.1333,0.0667,0
U00493,46,17,16,16,16,9,3,1,0,50,50,50,2.88,1.06,0.1957,0.0652,0.0217,0
U00495,38,13,12,12,12,8,4,1,0,36,36,36,3.17,1.08,0.2105,0.1053,0.0263,0
U00496,144,48,47,47,47,27,20,1,1,30,30,30,3.06,1.02,0.1875,0.1389,0.0069,0
U00497,118,40,39,39,39,23,14,1,1,45,45,45,3.03,1.03,0.1949,0.1186,0.0085,0
U00499,23,8,7,7,7,2,5,1,0,0,0,0,3.29,1.14,0.087,0.2174,0.0435,0
U00500,43,15,14,14,14,9,3,1,1,12,12,12,3.07,1.07,0.2093,0.0698,0.0233,0
U00502,13,6,5,5,5,1,1,0,0,3,3,3,2.6,1.2,0.0769,0.0769,0.0,0
U00504,27,8,7,7,7,7,3,1,1,11,11,11,3.86,1.14,0.2593,0.1111,0.037,0
U00506,5,3,2,2,2,0,0,0,0,57,57,57,2.5,1.5,0.0,0.0,0.0,0
U00507,25,9,8,8,8,5,3,0,0,104,104,104,3.13,1.13,0.2,0.12,0.0,0
U00508,143,49,48,48,48,27,17,1,1,4,4,4,2.98,1.02,0.1888,0.1189,0.007,0
U00511,23,8,7,7,7,4,2,1,1,59,59,59,3.29,1.14,0.1739,0.087,0.0435,0
U00512,54,19,18,18,18,10,5,1,1,17,17,17,3.0,1.06,0.1852,0.0926,0.0185,1
U00514,22,8,7,7,7,4,2,1,0,0,0,0,3.14,1.14,0.1818,0.0909,0.0455,0
U00515,46,16,15,15,15,10,4,1,0,102,102,102,3.07,1.07,0.2174,0.087,0.0217,0
U00516,30,11,10,10,10,6,2,1,0,57,57,57,3.0,1.1,0.2,0.0667,0.0333,0
U00519,77,26,25,25,25,15,9,1,1,95,95,95,3.08,1.04,0.1948,0.1169,0.013,0
U00521,12,4,3,3,3,2,3,0,0,20,20,20,4.0,1.33,0.1667,0.25,0.0,0
U00523,50,17,16,16,16,7,8,1,1,21,21,21,3.13,1.06,0.14,0.16,0.02,0
U00524,10,4,3,3,3,2,1,0,0,20,20,20,3.33,1.33,0.2,0.1,0.0,0
U00526,21,8,7,7,7,2,4,0,0,112,112,112,3.0,1.14,0.0952,0.1905,0.0,0
U00527,81,28,27,27,27,17,7,1,1,0,0,0,3.0,1.04,0.2099,0.0864,0.0123,0
U00528,4,2,1,1,1,1,0,0,0,31,31,31,4.0,2.0,0.25,0.0,0.0,0
U00530,10,4,3,3,3,1,2,0,0,7,7,7,3.33,1.33,0.1,0.2,0.0,0
U00531,157,55,54,54,54,31,15,1,1,58,58,58,2.91,1.02,0.1975,0.0955,0.0064,0
U00532,15,5,4,4,4,3,3,0,0,55,55,55,3.75,1.25,0.2,0.2,0.0,0
U00534,119,41,40,40,40,21,16,1,0,79,79,79,2.98,1.02,0.1765,0.1345,0.0084,0
U00538,23,7,6,6,6,4,5,1,0,22,22,22,3.83,1.17,0.1739,0.2174,0.0435,0
U00539,16,6,5,5,5,3,2,0,0,24,24,24,3.2,1.2,0.1875,0.125,0.0,0
U00541,7,3,2,2,2,1,1,0,0,0,0,0,3.5,1.5,0.1429,0.1429,0.0,0
U00542,20,7,6,6,6,4,3,0,0,97,97,97,3.33,1.17,0.2,0.15,0.0,0
U00543,28,9,8,8,8,7,3,1,0,61,61,61,3.5,1.13,0.25,0.1071,0.0357,0
U00546,16,6,5,5,5,3,2,0,0,18,18,18,3.2,1.2,0.1875,0.125,0.0,0
U00548,46,14,13,13,13,9,9,1,0,107,107,107,3.54,1.08,0.1957,0.1957,0.0217,0
U00549,13,5,4,4,4,3,1,0,0,79,79,79,3.25,1.25,0.2308,0.0769,0.0,0
U00551,30,9,8,8,8,8,4,1,0,14,14,14,3.75,1.13,0.2667,0.1333,0.0333,0
U00552,132,44,43,43,43,25,18,1,1,74,74,74,3.07,1.02,0.1894,0.1364,0.0076,0
U00553,129,45,44,44,44,24,15,1,0,6,6,6,2.93,1.02,0.186,0.1163,0.0078,0
U00554,4,2,1,1,1,0,1,0,0,77,77,77,4.0,2.0,0.0,0.25,0.0,0
U00555,102,35,34,34,34,19,12,1,1,79,79,79,3.0,1.03,0.1863,0.1176,0.0098,0
U00556,19,7,6,6,6,4,2,0,0,100,100,100,3.17,1.17,0.2105,0.1053,0.0,0
U00557,167,55,54,54,54,36,21,1,0,19,19,19,3.09,1.02,0.2156,0.1257,0.006,0
U00565,34,13,12,12,12,6,3,0,0,22,22,22,2.83,1.08,0.1765,0.0882,0.0,0
U00568,43,14,13,13,13,11,3,1,1,0,0,0,3.31,1.08,0.2558,0.0698,0.0233,0
U00569,37,13,12,12,12,7,3,1,1,39,39,39,3.08,1.08,0.1892,0.0811,0.027,0
U00570,121,39,38,38,38,30,12,1,1,0,0,0,3.18,1.03,0.2479,0.0992,0.0083,0
U00572,15,5,4,4,4,4,2,0,0,105,105,105,3.75,1.25,0.2667,0.1333,0.0,0
U00576,44,16,15,15,15,6,6,1,0,14,14,14,2.93,1.07,0.1364,0.1364,0.0227,0
U00578,34,12,11,11,11,8,2,1,0,45,45,45,3.09,1.09,0.2353,0.0588,0.0294,0
U00579,96,35,34,34,34,14,11,1,1,29,29,29,2.82,1.03,0.1458,0.1146,0.0104,0
U00580,56,20,19,19,19,11,5,1,0,0,0,0,2.95,1.05,0.1964,0.0893,0.0179,0
U00583,20,6,5,5,5,4,5,0,0,112,112,112,4.0,1.2,0.2,0.25,0.0,0
U00584,46,16,15,15,15,7,7,1,0,72,72,72,3.07,1.07,0.1522,0.1522,0.0217,0
U00585,81,29,28,28,28,15,7,1,1,92,92,92,2.89,1.04,0.1852,0.0864,0.0123,0
U00588,26,9,8,8,8,6,2,1,0,0,0,0,3.25,1.13,0.2308,0.0769,0.0385,0
U00590,7,3,2,2,2,1,1,0,0,19,19,19,3.5,1.5,0.1429,0.1429,0.0,0
U00591,7,3,2,2,2,1,1,0,0,65,65,65,3.5,1.5,0.1429,0.1429,0.0,0
U00592,7,3,2,2,2,1,1,0,0,34,34,34,3.5,1.5,0.1429,0.1429,0.0,0
U00593,100,33,32,32,32,21,13,1,0,55,55,55,3.13,1.03,0.21,0.13,0.01,0
U00594,60,21,20,20,20,10,8,1,0,91,91,91,3.0,1.05,0.1667,0.1333,0.0167,0
U00595,3,2,1,1,1,0,0,0,0,46,46,46,3.0,2.0,0.0,0.0,0.0,0
U00596,15,5,4,4,4,3,1,1,1,0,0,0,3.75,1.25,0.2,0.0667,0.0667,1
U00597,38,14,13,13,13,6,4,1,0,100,100,100,2.92,1.08,0.1579,0.1053,0.0263,0
U00599,10,4,3,3,3,2,1,0,0,102,102,102,3.33,1.33,0.2,0.1,0.0,0
U00600,16,6,5,5,5,1,4,0,0,35,35,35,3.2,1.2,0.0625,0.25,0.0,0
U00601,14,5,4,4,4,3,2,0,0,63,63,63,3.5,1.25,0.2143,0.1429,0.0,0
U00602,88,28,27,27,27,20,12,1,0,0,0,0,3.26,1.04,0.2273,0.1364,0.0114,0
U00603,9,4,3,3,3,1,1,0,0,70,70,70,3.0,1.33,0.1111,0.1111,0.0,0
U00604,33,12,11,11,11,6,3,1,0,64,64,64,3.0,1.09,0.1818,0.0909,0.0303,0
U00606,48,18,17,17,17,9,3,1,0,4,4,4,2.82,1.06,0.1875,0.0625,0.0208,0
U00607,23,8,7,7,7,4,2,1,1,21,21,21,3.29,1.14,0.1739,0.087,0.0435,0
U00609,12,4,3,3,3,3,2,0,0,91,91,91,4.0,1.33,0.25,0.1667,0.0,0
U00610,48,16,15,15,15,11,5,1,0,31,31,31,3.2,1.07,0.2292,0.1042,0.0208,0
U00611,20,7,6,6,6,5,2,0,0,12,12,12,3.33,1.17,0.25,0.1,0.0,0
U00613,15,6,5,5,5,1,3,0,0,34,34,34,3.0,1.2,0.0667,0.2,0.0,0
U00614,44,16,15,15,15,7,5,1,0,56,56,56,2.93,1.07,0.1591,0.1136,0.0227,0
U00615,47,18,17,17,17,7,3,1,1,26,26,26,2.76,1.06,0.1489,0.0638,0.0213,0
U00617,3,2,1,1,1,0,0,0,0,4,4,4,3.0,2.0,0.0,0.0,0.0,0
U00620,44,16,15,15,15,10,3,0,0,25,25,25,2.93,1.07,0.2273,0.0682,0.0,0
U00621,54,20,19,19,19,8,5,1,1,2,2,2,2.84,1.05,0.1481,0.0926,0.0185,0
U00622,53,19,18,18,18,6,9,1,0,87,87,87,2.94,1.06,0.1132,0.1698,0.0189,0
U00625,16,6,5,5,5,3,1,1,0,0,0,0,3.2,1.2,0.1875,0.0625,0.0625,0
U00627,41,14,13,13,13,7,6,1,0,15,15,15,3.15,1.08,0.1707,0.1463,0.0244,0
U00628,40,14,13,13,13,8,4,1,0,0,0,0,3.08,1.08,0.2,0.1,0.025,0
U00629,145,49,48,48,48,29,17,1,1,62,62,62,3.02,1.02,0.2,0.1172,0.0069,0
U00630,7,3,2,2,2,2,0,0,0,92,92,92,3.5,1.5,0.2857,0.0,0.0,0
U00631,131,44,43,43,43,27,16,1,0,64,64,64,3.05,1.02,0.2061,0.1221,0.0076,0
U00632,49,16,15,15,15,10,6,1,1,52,52,52,3.27,1.07,0.2041,0.1224,0.0204,0
U00634,46,15,14,14,14,9,7,1,0,57,57,57,3.29,1.07,0.1957,0.1522,0.0217,0
U00635,17,7,6,6,6,3,1,0,0,13,13,13,2.83,1.17,0.1765,0.0588,0.0,0
U00636,40,14,13,13,13,8,3,1,1,48,48,48,3.08,1.08,0.2,0.075,0.025,0
U00637,14,5,4,4,4,2,3,0,0,29,29,29,3.5,1.25,0.1429,0.2143,0.0,0
U00638,33,13,12,12,12,5,1,1,1,6,6,6,2.75,1.08,0.1515,0.0303,0.0303,1
U00640,82,28,27,27,27,16,9,1,1,0,0,0,3.04,1.04,0.1951,0.1098,0.0122,0
U00643,55,19,18,18,18,10,6,1,1,24,24,24,3.06,1.06,0.1818,0.1091,0.0182,0
U00644,31,10,9,9,9,7,3,1,1,96,96,96,3.44,1.11,0.2258,0.0968,0.0323,0
U00645,175,59,58,58,58,40,16,1,1,51,51,51,3.02,1.02,0.2286,0.0914,0.0057,0
U00646,40,14,13,13,13,6,5,1,1,6,6,6,3.08,1.08,0.15,0.125,0.025,0
U00648,45,16,15,15,15,7,6,1,0,71,71,71,3.0,1.07,0.1556,0.1333,0.0222,0
U00649,10,4,3,3,3,2,1,0,0,35,35,35,3.33,1.33,0.2,0.1,0.0,0
U00651,60,21,20,20,20,13,5,1,0,93,93,93,3.0,1.05,0.2167,0.0833,0.0167,0
U00654,3,2,1,1,1,0,0,0,0,87,87,87,3.0,2.0,0.0,0.0,0.0,0
U00655,24,9,8,8,8,5,1,1,0,87,87,87,3.0,1.13,0.2083,0.0417,0.0417,0
U00656,50,17,16,16,16,11,5,1,0,45,45,45,3.13,1.06,0.22,0.1,0.02,0
U00658,16,7,6,6,6,3,0,0,0,66,66,66,2.67,1.17,0.1875,0.0,0.0,0
U00660,60,20,19,19,19,10,10,1,0,76,76,76,3.16,1.05,0.1667,0.1667,0.0167,0
U00661,26,9,8,8,8,4,3,1,1,21,21,21,3.25,1.13,0.1538,0.1154,0.0385,0
U00663,30,10,9,9,9,6,4,1,0,79,79,79,3.33,1.11,0.2,0.1333,0.0333,0
U00664,25,9,8,8,8,4,4,0,0,56,56,56,3.13,1.13,0.16,0.16,0.0,0
U00665,10,4,3,3,3,3,0,0,0,8,8,8,3.33,1.33,0.3,0.0,0.0,0
U00666,54,19,18,18,18,11,6,0,0,88,88,88,3.0,1.06,0.2037,0.1111,0.0,0
U00668,22,9,8,8,8,4,1,0,0,94,94,94,2.75,1.13,0.1818,0.0455,0.0,0
U00670,58,21,20,20,20,9,7,1,0,45,45,45,2.9,1.05,0.1552,0.1207,0.0172,0
U00672,9,3,2,2,2,2,1,1,0,0,0,0,4.5,1.5,0.2222,0.1111,0.1111,0
U00674,12,5,4,4,4,1,1,1,0,20,20,20,3.0,1.25,0.0833,0.0833,0.0833,0
U00675,100,35,34,34,34,23,6,1,1,10,10,10,2.94,1.03,0.23,0.06,0.01,0
U00676,11,4,3,3,3,2,2,0,0,0,0,0,3.67,1.33,0.1818,0.1818,0.0,0
U00679,27,9,8,8,8,6,2,1,1,104,104,104,3.38,1.13,0.2222,0.0741,0.037,0
U00680,123,43,42,42,42,20,16,1,1,64,64,64,2.93,1.02,0.1626,0.1301,0.0081,0
U00681,52,17,16,16,16,10,8,1,0,6,6,6,3.25,1.06,0.1923,0.1538,0.0192,0
U00682,62,21,20,20,20,11,9,1,0,76,76,76,3.1,1.05,0.1774,0.1452,0.0161,0
U00683,113,39,38,38,38,24,11,1,0,31,31,31,2.97,1.03,0.2124,0.0973,0.0088,0
U00686,4,2,1,1,1,1,0,0,0,35,35,35,4.0,2.0,0.25,0.0,0.0,0
U00687,37,12,11,11,11,10,3,1,0,85,85,85,3.36,1.09,0.2703,0.0811,0.027,0
U00688,38,12,11,11,11,7,7,1,0,92,92,92,3.45,1.09,0.1842,0.1842,0.0263,0
U00690,151,53,52,52,52,29,15,1,1,0,0,0,2.9,1.02,0.1921,0.0993,0.0066,0
U00691,34,11,10,10,10,6,5,1,1,59,59,59,3.4,1.1,0.1765,0.1471,0.0294,0
U00692,94,34,33,33,33,20,5,1,1,37,37,37,2.85,1.03,0.2128,0.0532,0.0106,0
U00693,32,12,11,11,11,6,3,0,0,14,14,14,2.91,1.09,0.1875,0.0938,0.0,0
U00696,33,12,11,11,11,5,3,1,1,0,0,0,3.0,1.09,0.1515,0.0909,0.0303,0
U00698,51,17,16,16,16,11,6,1,0,66,66,66,3.19,1.06,0.2157,0.1176,0.0196,0
U00699,47,16,15,15,15,11,4,1,0,2,2,2,3.13,1.07,0.234,0.0851,0.0213,0
U00701,13,5,4,4,4,3,1,0,0,88,88,88,3.25,1.25,0.2308,0.0769,0.0,0
U00703,37,12,11,11,11,9,3,1,1,12,12,12,3.36,1.09,0.2432,0.0811,0.027,0
U00704,46,16,15,15,15,8,6,1,0,57,57,57,3.07,1.07,0.1739,0.1304,0.0217,0
U00705,32,11,10,10,10,6,4,1,0,68,68,68,3.2,1.1,0.1875,0.125,0.0313,0
U00706,9,4,3,3,3,1,0,1,0,0,0,0,3.0,1.33,0.1111,0.0,0.1111,0
U00707,61,21,20,20,20,13,7,0,0,8,8,8,3.05,1.05,0.2131,0.1148,0.0,0
U00709,34,11,10,10,10,8,3,1,1,57,57,57,3.4,1.1,0.2353,0.0882,0.0294,0
U00711,17,7,6,6,6,2,2,0,0,99,99,99,2.83,1.17,0.1176,0.1176,0.0,0
U00713,10,4,3,3,3,2,1,0,0,85,85,85,3.33,1.33,0.2,0.1,0.0,0
U00715,32,11,10,10,10,6,4,1,0,58,58,58,3.2,1.1,0.1875,0.125,0.0313,0
U00716,47,16,15,15,15,9,6,1,0,31,31,31,3.13,1.07,0.1915,0.1277,0.0213,0
U00718,65,25,24,24,24,10,4,1,1,57,57,57,2.71,1.04,0.1538,0.0615,0.0154,0
U00719,13,5,4,4,4,3,1,0,0,105,105,105,3.25,1.25,0.2308,0.0769,0.0,0
U00720,158,54,53,53,53,28,21,1,1,8,8,8,2.98,1.02,0.1772,0.1329,0.0063,0
U00722,5,3,2,2,2,0,0,0,0,0,0,0,2.5,1.5,0.0,0.0,0.0,0
U00723,37,12,11,11,11,9,3,1,1,46,46,46,3.36,1.09,0.2432,0.0811,0.027,0
U00724,24,9,8,8,8,4,1,1,1,0,0,0,3.0,1.13,0.1667,0.0417,0.0417,0
U00727,27,10,9,9,9,5,3,0,0,111,111,111,3.0,1.11,0.1852,0.1111,0.0,0
U00729,8,3,2,2,2,1,0,1,1,0,0,0,4.0,1.5,0.125,0.0,0.125,0
U00730,7,3,2,2,2,1,1,0,0,71,71,71,3.5,1.5,0.1429,0.1429,0.0,0
U00731,48,18,17,17,17,7,5,1,0,2,2,2,2.82,1.06,0.1458,0.1042,0.0208,0
U00733,37,13,12,12,12,7,4,1,0,98,98,98,3.08,1.08,0.1892,0.1081,0.027,0
U00734,57,21,20,20,20,10,6,0,0,48,48,48,2.85,1.05,0.1754,0.1053,0.0,0
U00735,6,3,2,2,2,1,0,0,0,15,15,15,3.0,1.5,0.1667,0.0,0.0,0
U00736,7,3,2,2,2,1,1,0,0,30,30,30,3.5,1.5,0.1429,0.1429,0.0,0
U00738,57,18,17,17,17,11,10,1,0,76,76,76,3.35,1.06,0.193,0.1754,0.0175,0
U00739,67,25,24,24,24,13,3,1,1,64,64,64,2.79,1.04,0.194,0.0448,0.0149,0
U00740,31,11,10,10,10,8,1,1,0,68,68,68,3.1,1.1,0.2581,0.0323,0.0323,0
U00741,30,9,8,8,8,6,6,1,0,68,68,68,3.75,1.13,0.2,0.2,0.0333,0
U00743,9,4,3,3,3,1,1,0,0,41,41,41,3.0,1.33,0.1111,0.1111,0.0,0
U00745,103,33,32,32,32,22,14,1,1,0,0,0,3.22,1.03,0.2136,0.1359,0.0097,1
U00746,127,43,42,42,42,29,12,1,0,74,74,74,3.02,1.02,0.2283,0.0945,0.0079,0
U00747,27,10,9,9,9,4,4,0,0,68,68,68,3.0,1.11,0.1481,0.1481,0.0,0
U00748,17,6,5,5,5,4,2,0,0,2,2,2,3.4,1.2,0.2353,0.1176,0.0,0
U00749,111,41,40,40,40,18,10,1,1,1,1,1,2.77,1.02,0.1622,0.0901,0.009,0
U00750,52,17,16,16,16,10,9,0,0,47,47,47,3.25,1.06,0.1923,0.1731,0.0,0
U00751,47,16,15,15,15,10,4,1,1,32,32,32,3.13,1.07,0.2128,0.0851,0.0213,0
U00752,21,8,7,7,7,4,2,0,0,33,33,33,3.0,1.14,0.1905,0.0952,0.0,0
U00753,37,11,10,10,10,8,6,1,1,13,13,13,3.7,1.1,0.2162,0.1622,0.027,0
U00755,13,5,4,4,4,4,0,0,0,92,92,92,3.25,1.25,0.3077,0.0,0.0,0
U00757,5,3,2,2,2,0,0,0,0,80,80,80,2.5,1.5,0.0,0.0,0.0,0
U00758,42,14,13,13,13,8,5,1,1,17,17,17,3.23,1.08,0.1905,0.119,0.0238,1
U00759,10,4,3,3,3,3,0,0,0,77,77,77,3.33,1.33,0.3,0.0,0.0,0
U00760,39,11,10,10,10,9,7,1,1,31,31,31,3.9,1.1,0.2308,0.1795,0.0256,1
U00761,36,12,11,11,11,9,4,0,0,78,78,78,3.27,1.09,0.25,0.1111,0.0,0
U00762,60,22,21,21,21,9,6,1,1,77,77,77,2.86,1.05,0.15,0.1,0.0167,0
U00764,115,39,38,38,38,23,13,1,1,0,0,0,3.03,1.03,0.2,0.113,0.0087,0
U00765,27,9,8,8,8,7,1,1,1,0,0,0,3.38,1.13,0.2593,0.037,0.037,0
U00766,171,58,57,57,57,31,23,1,1,25,25,25,3.0,1.02,0.1813,0.1345,0.0058,0
U00769,10,4,3,3,3,2,1,0,0,94,94,94,3.33,1.33,0.2,0.1,0.0,0
U00770,17,7,6,6,6,3,1,0,0,60,60,60,2.83,1.17,0.1765,0.0588,0.0,0
U00771,49,16,15,15,15,10,7,1,0,3,3,3,3.27,1.07,0.2041,0.1429,0.0204,0
U00774,20,7,6,6,6,4,3,0,0,72,72,72,3.33,1.17,0.2,0.15,0.0,0
U00775,38,13,12,12,12,7,4,1,1,61,61,61,3.17,1.08,0.1842,0.1053,0.0263,0
U00777,26,8,7,7,7,5,4,1,1,0,0,0,3.71,1.14,0.1923,0.1538,0.0385,0
U00778,19,7,6,6,6,5,1,0,0,37,37,37,3.17,1.17,0.2632,0.0526,0.0,0
U00779,17,6,5,5,5,4,2,0,0,45,45,45,3.4,1.2,0.2353,0.1176,0.0,0
U00780,55,18,17,17,17,11,8,1,0,101,101,101,3.24,1.06,0.2,0.1455,0.0182,0
U00781,22,9,8,8,8,3,2,0,0,75,75,75,2.75,1.13,0.1364,0.0909,0.0,0
U00786,11,5,4,4,4,2,0,0,0,53,53,53,2.75,1.25,0.1818,0.0,0.0,0
U00788,42,15,14,14,14,7,5,1,0,64,64,64,3.0,1.07,0.1667,0.119,0.0238,0
U00789,27,9,8,8,8,5,4,1,0,0,0,0,3.38,1.13,0.1852,0.1481,0.037,0
U00790,33,11,10,10,10,8,2,1,1,98,98,98,3.3,1.1,0.2424,0.0606,0.0303,0
U00791,52,18,18,17,17,8,6,1,1,71,102,102,2.89,1.0,0.1538,0.1154,0.0192,0
U00792,49,17,16,16,16,10,5,1,0,93,93,93,3.06,1.06,0.2041,0.102,0.0204,0
U00793,19,7,6,6,6,4,2,0,0,60,60,60,3.17,1.17,0.2105,0.1053,0.0,0
U00794,39,12,11,11,11,9,7,0,0,14,14,14,3.55,1.09,0.2308,0.1795,0.0,0
U00796,19,7,6,6,6,3,3,0,0,106,106,106,3.17,1.17,0.1579,0.1579,0.0,0
U00797,136,48,47,47,47,25,15,1,0,32,32,32,2.89,1.02,0.1838,0.1103,0.0074,0
U00798,10,4,3,3,3,1,2,0,0,52,52,52,3.33,1.33,0.1,0.2,0.0,0
U00799,38,13,12,12,12,8,4,1,0,67,67,67,3.17,1.08,0.2105,0.1053,0.0263,0
U00800,32,11,10,10,10,7,2,1,1,77,77,77,3.2,1.1,0.2188,0.0625,0.0313,0
U00801,75,25,24,24,24,16,8,1,1,60,60,60,3.13,1.04,0.2133,0.1067,0.0133,0
U00802,121,42,41,41,41,21,15,1,1,18,18,18,2.95,1.02,0.1736,0.124,0.0083,0
U00803,28,10,9,9,9,6,3,0,0,81,81,81,3.11,1.11,0.2143,0.1071,0.0,0
U00804,151,52,51,51,51,28,18,1,1,7,7,7,2.96,1.02,0.1854,0.1192,0.0066,1
U00805,13,5,4,4,4,3,1,0,0,111,111,111,3.25,1.25,0.2308,0.0769,0.0,0
U00806,27,10,9,9,9,5,3,0,0,26,26,26,3.0,1.11,0.1852,0.1111,0.0,0
U00811,42,15,14,14,14,9,4,0,0,30,30,30,3.0,1.07,0.2143,0.0952,0.0,0
U00812,15,6,5,5,5,3,1,0,0,15,15,15,3.0,1.2,0.2,0.0667,0.0,0
U00816,21,7,6,6,6,5,3,0,0,85,85,85,3.5,1.17,0.2381,0.1429,0.0,0
U00820,23,7,6,6,6,6,4,0,0,64,64,64,3.83,1.17,0.2609,0.1739,0.0,0
U00821,55,19,18,18,18,13,4,1,0,15,15,15,3.06,1.06,0.2364,0.0727,0.0182,0
U00822,118,40,39,39,39,23,14,1,1,20,20,20,3.03,1.03,0.1949,0.1186,0.0085,0
U00823,5,2,1,1,1,1,1,0,0,52,52,52,5.0,2.0,0.2,0.2,0.0,0
U00825,19,7,6,6,6,4,1,1,0,26,26,26,3.17,1.17,0.2105,0.0526,0.0526,0
U00826,132,44,43,43,43,25,18,1,1,39,39,39,3.07,1.02,0.1894,0.1364,0.0076,0
U00827,15,6,5,5,5,2,2,0,0,65,65,65,3.0,1.2,0.1333,0.1333,0.0,0
U00828,21,7,6,6,6,4,4,0,0,78,78,78,3.5,1.17,0.1905,0.1905,0.0,0
U00829,32,12,11,11,11,5,3,1,0,54,54,54,2.91,1.09,0.1563,0.0938,0.0313,0
U00830,24,8,7,7,7,5,4,0,0,68,68,68,3.43,1.14,0.2083,0.1667,0.0,0
U00831,8,3,2,2,2,1,1,1,0,54,54,54,4.0,1.5,0.125,0.125,0.125,0
U00832,45,16,16,15,15,7,4,1,1,65,82,82,2.81,1.0,0.1556,0.0889,0.0222,0
U00833,62,20,19,19,19,14,8,1,0,55,55,55,3.26,1.05,0.2258,0.129,0.0161,0
U00834,58,21,20,20,20,11,5,1,0,14,14,14,2.9,1.05,0.1897,0.0862,0.0172,0
U00835,27,9,8,8,8,5,3,1,1,65,65,65,3.38,1.13,0.1852,0.1111,0.037,0
U00836,19,7,6,6,6,4,2,0,0,12,12,12,3.17,1.17,0.2105,0.1053,0.0,0
U00837,18,6,5,5,5,4,1,1,1,0,0,0,3.6,1.2,0.2222,0.0556,0.0556,0
U00838,67,22,21,21,21,14,8,1,1,33,33,33,3.19,1.05,0.209,0.1194,0.0149,0
U00840,27,9,8,8,8,7,3,0,0,70,70,70,3.38,1.13,0.2593,0.1111,0.0,0
U00841,20,7,6,6,6,4,3,0,0,0,0,0,3.33,1.17,0.2,0.15,0.0,0
U00842,57,20,19,19,19,11,5,1,1,53,53,53,3.0,1.05,0.193,0.0877,0.0175,0
U00846,36,12,11,11,11,7,5,1,0,74,74,74,3.27,1.09,0.1944,0.1389,0.0278,0
U00847,29,10,9,9,9,5,3,1,1,38,38,38,3.22,1.11,0.1724,0.1034,0.0345,1
U00849,27,10,9,9,9,5,1,1,1,48,48,48,3.0,1.11,0.1852,0.037,0.037,0
U00850,68,23,22,22,22,13,8,1,1,0,0,0,3.09,1.05,0.1912,0.1176,0.0147,0
U00851,58,21,20,20,20,10,5,1,1,0,0,0,2.9,1.05,0.1724,0.0862,0.0172,0
U00854,19,6,6,5,5,3,2,1,1,35,93,93,3.17,1.0,0.1579,0.1053,0.0526,0
U00857,8,3,2,2,2,1,2,0,0,105,105,105,4.0,1.5,0.125,0.25,0.0,0
U00859,31,11,10,10,10,7,1,1,1,27,27,27,3.1,1.1,0.2258,0.0323,0.0323,0
U00860,37,14,13,13,13,7,2,1,0,0,0,0,2.85,1.08,0.1892,0.0541,0.027,0
U00862,138,46,45,45,45,31,14,1,1,27,27,27,3.07,1.02,0.2246,0.1014,0.0072,0
U00864,36,12,12,11,11,8,2,1,1,14,95,95,3.0,1.0,0.2222,0.0556,0.0278,0
U00866,51,19,18,18,18,9,5,0,0,49,49,49,2.83,1.06,0.1765,0.098,0.0,0
U00867,32,10,10,9,9,6,4,1,1,55,104,104,3.2,1.0,0.1875,0.125,0.0313,0
U00868,21,7,6,6,6,5,2,1,0,19,19,19,3.5,1.17,0.2381,0.0952,0.0476,0
U00869,3,2,1,1,1,0,0,0,0,113,113,113,3.0,2.0,0.0,0.0,0.0,0
U00872,100,33,32,32,32,20,13,1,1,10,10,10,3.13,1.03,0.2,0.13,0.01,0
U00873,57,20,19,19,19,9,7,1,1,0,0,0,3.0,1.05,0.1579,0.1228,0.0175,0
U00875,50,16,16,15,15,11,5,1,1,54,97,97,3.13,1.0,0.22,0.1,0.02,0
U00876,43,15,14,14,14,10,2,1,1,77,77,77,3.07,1.07,0.2326,0.0465,0.0233,1
U00877,39,13,12,12,12,10,3,1,0,0,0,0,3.25,1.08,0.2564,0.0769,0.0256,0
U00878,54,19,18,18,18,12,4,1,0,77,77,77,3.0,1.06,0.2222,0.0741,0.0185,0
U00880,29,11,10,10,10,4,4,0,0,106,106,106,2.9,1.1,0.1379,0.1379,0.0,0
U00881,35,11,10,10,10,9,3,1,1,67,67,67,3.5,1.1,0.2571,0.0857,0.0286,0
U00882,7,3,2,2,2,2,0,0,0,103,103,103,3.5,1.5,0.2857,0.0,0.0,0
U00883,7,4,3,3,3,0,0,0,0,39,39,39,2.33,1.33,0.0,0.0,0.0,0
U00885,7,3,2,2,2,2,0,0,0,51,51,51,3.5,1.5,0.2857,0.0,0.0,0
U00886,41,14,13,13,13,7,5,1,1,83,83,83,3.15,1.08,0.1707,0.122,0.0244,0
U00887,5,2,1,1,1,1,1,0,0,48,48,48,5.0,2.0,0.2,0.2,0.0,0
U00888,9,3,2,2,2,2,2,0,0,28,28,28,4.5,1.5,0.2222,0.2222,0.0,0
U00889,50,17,16,16,16,12,4,1,0,24,24,24,3.13,1.06,0.24,0.08,0.02,0
U00890,109,35,34,34,34,24,14,1,1,0,0,0,3.21,1.03,0.2202,0.1284,0.0092,0
U00891,23,8,7,7,7,6,2,0,0,16,16,16,3.29,1.14,0.2609,0.087,0.0,0
U00892,51,19,18,18,18,7,5,1,1,2,2,2,2.83,1.06,0.1373,0.098,0.0196,0
U00893,55,20,19,19,19,7,7,1,1,72,72,72,2.89,1.05,0.1273,0.1273,0.0182,0
U00894,55,20,19,19,19,10,6,0,0,40,40,40,2.89,1.05,0.1818,0.1091,0.0,0
U00895,46,14,13,13,13,10,7,1,1,77,77,77,3.54,1.08,0.2174,0.1522,0.0217,0
U00896,4,2,1,1,1,1,0,0,0,4,4,4,4.0,2.0,0.25,0.0,0.0,0
U00898,26,9,8,8,8,6,2,1,0,5,5,5,3.25,1.13,0.2308,0.0769,0.0385,0
U00899,10,4,3,3,3,1,2,0,0,65,65,65,3.33,1.33,0.1,0.2,0.0,0
U00901,88,30,29,29,29,20,7,1,1,43,43,43,3.03,1.03,0.2273,0.0795,0.0114,0
U00902,24,9,8,8,8,3,3,1,0,84,84,84,3.0,1.13,0.125,0.125,0.0417,0
U00903,52,17,16,16,16,10,7,1,1,0,0,0,3.25,1.06,0.1923,0.1346,0.0192,0
U00905,59,20,19,19,19,12,6,1,1,100,100,100,3.11,1.05,0.2034,0.1017,0.0169,0
U00908,54,18,17,17,17,10,8,1,0,99,99,99,3.18,1.06,0.1852,0.1481,0.0185,0
U00909,10,5,4,4,4,1,0,0,0,67,67,67,2.5,1.25,0.1,0.0,0.0,0
U00912,40,13,12,12,12,11,3,1,0,0,0,0,3.33,1.08,0.275,0.075,0.025,0
U00913,33,12,11,11,11,5,3,1,1,82,82,82,3.0,1.09,0.1515,0.0909,0.0303,0
U00916,116,39,38,38,38,22,16,1,0,33,33,33,3.05,1.03,0.1897,0.1379,0.0086,0
U00918,11,5,4,4,4,1,1,0,0,108,108,108,2.75,1.25,0.0909,0.0909,0.0,0
U00919,39,15,14,14,14,7,2,1,0,21,21,21,2.79,1.07,0.1795,0.0513,0.0256,0
U00920,6,3,2,2,2,0,0,1,0,73,73,73,3.0,1.5,0.0,0.0,0.1667,0
U00921,15,6,5,5,5,3,1,0,0,42,42,42,3.0,1.2,0.2,0.0667,0.0,0
U00923,29,10,9,9,9,5,4,1,0,52,52,52,3.22,1.11,0.1724,0.1379,0.0345,0
U00925,146,50,49,49,49,30,15,1,1,35,35,35,2.98,1.02,0.2055,0.1027,0.0068,0
U00926,43,17,16,16,16,3,6,1,0,99,99,99,2.69,1.06,0.0698,0.1395,0.0233,0
U00927,11,5,4,4,4,1,1,0,0,49,49,49,2.75,1.25,0.0909,0.0909,0.0,0
U00928,11,4,3,3,3,2,2,0,0,9,9,9,3.67,1.33,0.1818,0.1818,0.0,0
U00929,10,4,3,3,3,3,0,0,0,0,0,0,3.33,1.33,0.3,0.0,0.0,0
U00930,102,35,34,34,34,20,12,1,0,31,31,31,3.0,1.03,0.1961,0.1176,0.0098,0
U00932,17,6,5,5,5,5,1,0,0,105,105,105,3.4,1.2,0.2941,0.0588,0.0,0
U00933,31,12,11,11,11,3,3,1,1,102,102,102,2.82,1.09,0.0968,0.0968,0.0323,0
U00935,52,18,17,17,17,11,6,0,0,73,73,73,3.06,1.06,0.2115,0.1154,0.0,0
U00937,47,17,16,16,16,7,6,1,0,48,48,48,2.94,1.06,0.1489,0.1277,0.0213,0
U00938,57,20,19,19,19,12,5,1,0,76,76,76,3.0,1.05,0.2105,0.0877,0.0175,0
U00940,4,2,1,1,1,1,0,0,0,94,94,94,4.0,2.0,0.25,0.0,0.0,0
U00941,5,2,1,1,1,1,1,0,0,5,5,5,5.0,2.0,0.2,0.2,0.0,0
U00942,41,14,13,13,13,7,6,1,0,77,77,77,3.15,1.08,0.1707,0.1463,0.0244,0
U00945,46,14,13,13,13,10,7,1,1,63,63,63,3.54,1.08,0.2174,0.1522,0.0217,0
U00947,25,8,7,7,7,5,3,1,1,0,0,0,3.57,1.14,0.2,0.12,0.04,0
U00949,59,20,19,19,19,12,6,1,1,51,51,51,3.11,1.05,0.2034,0.1017,0.0169,1
U00952,56,19,18,18,18,13,4,1,1,81,81,81,3.11,1.06,0.2321,0.0714,0.0179,0
U00953,68,21,20,20,20,15,10,1,1,68,68,68,3.4,1.05,0.2206,0.1471,0.0147,0
U00956,39,13,12,12,12,8,4,1,1,0,0,0,3.25,1.08,0.2051,0.1026,0.0256,0
U00957,11,4,3,3,3,2,2,0,0,10,10,10,3.67,1.33,0.1818,0.1818,0.0,0
U00958,16,5,4,4,4,4,1,1,1,0,0,0,4.0,1.25,0.25,0.0625,0.0625,0
U00962,9,4,3,3,3,1,1,0,0,53,53,53,3.0,1.33,0.1111,0.1111,0.0,0
U00963,55,20,19,19,19,9,5,1,1,43,43,43,2.89,1.05,0.1636,0.0909,0.0182,0
U00964,47,16,15,15,15,9,6,1,0,52,52,52,3.13,1.07,0.1915,0.1277,0.0213,0
U00965,136,49,48,48,48,26,12,1,0,0,0,0,2.83,1.02,0.1912,0.0882,0.0074,0
U00966,35,11,11,10,10,5,6,1,1,15,76,76,3.18,1.0,0.1429,0.1714,0.0286,0
U00967,41,14,13,13,13,10,4,0,0,8,8,8,3.15,1.08,0.2439,0.0976,0.0,0
U00968,58,19,18,18,18,14,5,1,1,62,62,62,3.22,1.06,0.2414,0.0862,0.0172,0
U00969,16,7,6,6,6,1,2,0,0,79,79,79,2.67,1.17,0.0625,0.125,0.0,0
U00970,58,20,19,19,19,13,5,1,0,86,86,86,3.05,1.05,0.2241,0.0862,0.0172,0
U00971,56,20,19,19,19,13,2,1,1,24,24,24,2.95,1.05,0.2321,0.0357,0.0179,0
U00972,9,4,3,3,3,2,0,0,0,82,82,82,3.0,1.33,0.2222,0.0,0.0,0
U00973,51,17,16,16,16,11,6,1,0,0,0,0,3.19,1.06,0.2157,0.1176,0.0196,0
U00974,166,55,54,54,54,33,22,1,1,41,41,41,3.07,1.02,0.1988,0.1325,0.006,0
U00975,39,15,14,14,14,6,3,1,0,0,0,0,2.79,1.07,0.1538,0.0769,0.0256,0
U00976,55,20,19,19,19,9,6,1,0,71,71,71,2.89,1.05,0.1636,0.1091,0.0182,0
U00978,7,3,2,2,2,1,1,0,0,17,17,17,3.5,1.5,0.1429,0.1429,0.0,0
U00979,12,5,4,4,4,2,1,0,0,0,0,0,3.0,1.25,0.1667,0.0833,0.0,0
U00980,71,24,23,23,23,13,9,1,1,0,0,0,3.09,1.04,0.1831,0.1268,0.0141,0
U00981,131,46,45,45,45,28,10,1,1,23,23,23,2.91,1.02,0.2137,0.0763,0.0076,0
U00983,105,36,35,35,35,18,15,1,0,0,0,0,3.0,1.03,0.1714,0.1429,0.0095,0
U00984,20,7,6,6,6,3,2,1,1,80,80,80,3.33,1.17,0.15,0.1,0.05,0
U00986,39,12,11,11,11,9,5,1,1,50,50,50,3.55,1.09,0.2308,0.1282,0.0256,0
U00987,58,19,18,18,18,13,7,1,0,74,74,74,3.22,1.06,0.2241,0.1207,0.0172,0
U00989,50,18,17,17,17,10,3,1,1,28,28,28,2.94,1.06,0.2,0.06,0.02,0
U00990,26,10,9,9,9,3,4,0,0,29,29,29,2.89,1.11,0.1154,0.1538,0.0,0
U00995,149,51,50,50,50,27,19,1,1,22,22,22,2.98,1.02,0.1812,0.1275,0.0067,0
U00996,51,16,15,15,15,9,9,1,1,24,24,24,3.4,1.07,0.1765,0.1765,0.0196,1
U00998,98,31,30,30,30,21,14,1,1,20,20,20,3.27,1.03,0.2143,0.1429,0.0102,0
U00999,44,14,13,13,13,10,5,1,1,0,0,0,3.38,1.08,0.2273,0.1136,0.0227,0
U01000,59,21,20,20,20,12,5,1,0,55,55,55,2.95,1.05,0.2034,0.0847,0.0169,0
U01001,9,4,3,3,3,2,0,0,0,100,100,100,3.0,1.33,0.2222,0.0,0.0,0
U01002,14,5,4,4,4,3,1,1,0,78,78,78,3.5,1.25,0.2143,0.0714,0.0714,0
U01004,48,17,16,16,16,9,6,0,0,14,14,14,3.0,1.06,0.1875,0.125,0.0,0
U01007,55,18,17,17,17,11,7,1,1,0,0,0,3.24,1.06,0.2,0.1273,0.0182,0
U01008,67,21,20,20,20,17,8,1,0,87,87,87,3.35,1.05,0.2537,0.1194,0.0149,0
U01009,50,18,17,17,17,10,3,1,1,89,89,89,2.94,1.06,0.2,0.06,0.02,0
U01010,50,19,18,18,18,8,4,1,0,14,14,14,2.78,1.06,0.16,0.08,0.02,0
U01011,20,8,7,7,7,1,2,1,1,0,0,0,2.86,1.14,0.05,0.1,0.05,0
U01012,93,31,30,30,30,21,9,1,1,0,0,0,3.1,1.03,0.2258,0.0968,0.0108,0
U01014,28,9,8,8,8,6,3,1,1,45,45,45,3.5,1.13,0.2143,0.1071,0.0357,0
U01015,79,28,27,27,27,15,7,1,1,68,68,68,2.93,1.04,0.1899,0.0886,0.0127,0
U01018,28,11,10,10,10,5,2,0,0,52,52,52,2.8,1.1,0.1786,0.0714,0.0,0
U01020,17,7,6,6,6,3,1,0,0,28,28,28,2.83,1.17,0.1765,0.0588,0.0,0
U01021,8,3,2,2,2,1,1,1,0,23,23,23,4.0,1.5,0.125,0.125,0.125,0
U01022,13,5,4,4,4,3,1,0,0,73,73,73,3.25,1.25,0.2308,0.0769,0.0,0
U01025,45,16,15,15,15,7,5,1,1,47,47,47,3.0,1.07,0.1556,0.1111,0.0222,0
U01026,123,42,41,41,41,26,13,1,0,66,66,66,3.0,1.02,0.2114,0.1057,0.0081,0
U01027,39,13,12,12,12,8,5,1,0,45,45,45,3.25,1.08,0.2051,0.1282,0.0256,0
U01028,54,20,19,19,19,9,5,1,0,41,41,41,2.84,1.05,0.1667,0.0926,0.0185,0
U01031,36,13,12,12,12,8,2,1,0,36,36,36,3.0,1.08,0.2222,0.0556,0.0278,0
U01032,49,17,16,16,16,9,5,1,1,58,58,58,3.06,1.06,0.1837,0.102,0.0204,0
U01033,31,9,8,8,8,6,7,1,0,7,7,7,3.88,1.13,0.1935,0.2258,0.0323,0
U01035,40,15,14,14,14,8,2,1,0,1,1,1,2.86,1.07,0.2,0.05,0.025,0
U01037,18,7,6,6,6,3,2,0,0,108,108,108,3.0,1.17,0.1667,0.1111,0.0,0
U01038,31,11,10,10,10,9,0,1,0,2,2,2,3.1,1.1,0.2903,0.0,0.0323,0
U01039,24,10,9,9,9,3,2,0,0,89,89,89,2.67,1.11,0.125,0.0833,0.0,0
U01041,127,43,42,42,42,28,12,1,1,10,10,10,3.02,1.02,0.2205,0.0945,0.0079,0
U01042,10,5,4,4,4,0,1,0,0,54,54,54,2.5,1.25,0.0,0.1,0.0,0
U01043,11,4,3,3,3,2,2,0,0,7,7,7,3.67,1.33,0.1818,0.1818,0.0,0
U01044,29,10,9,9,9,5,4,1,0,96,96,96,3.22,1.11,0.1724,0.1379,0.0345,0
U01045,25,10,9,9,9,3,3,0,0,50,50,50,2.78,1.11,0.12,0.12,0.0,0
U01046,60,20,19,19,19,12,8,1,0,91,91,91,3.16,1.05,0.2,0.1333,0.0167,0
U01048,10,4,3,3,3,1,1,1,0,0,0,0,3.33,1.33,0.1,0.1,0.1,0
U01049,11,4,3,3,3,2,2,0,0,23,23,23,3.67,1.33,0.1818,0.1818,0.0,0
U01051,19,8,7,7,7,3,1,0,0,35,35,35,2.71,1.14,0.1579,0.0526,0.0,0
U01052,17,6,5,5,5,3,3,0,0,43,43,43,3.4,1.2,0.1765,0.1765,0.0,0
U01053,7,3,2,2,2,2,0,0,0,38,38,38,3.5,1.5,0.2857,0.0,0.0,0
U01054,14,5,4,4,4,4,0,1,0,0,0,0,3.5,1.25,0.2857,0.0,0.0714,0
U01055,19,7,6,6,6,3,3,0,0,69,69,69,3.17,1.17,0.1579,0.1579,0.0,0
U01056,68,21,20,20,20,14,11,1,1,13,13,13,3.4,1.05,0.2059,0.1618,0.0147,0
U01057,51,17,16,16,16,11,7,0,0,95,95,95,3.19,1.06,0.2157,0.1373,0.0,0
U01058,18,6,5,5,5,4,2,1,0,63,63,63,3.6,1.2,0.2222,0.1111,0.0556,0
U01059,50,17,16,16,16,8,7,1,1,103,103,103,3.13,1.06,0.16,0.14,0.02,0
U01060,7,3,2,2,2,2,0,0,0,0,0,0,3.5,1.5,0.2857,0.0,0.0,0
U01062,138,46,45,45,45,30,16,1,0,65,65,65,3.07,1.02,0.2174,0.1159,0.0072,0
U01063,6,3,2,2,2,0,1,0,0,5,5,5,3.0,1.5,0.0,0.1667,0.0,0
U01065,118,42,41,41,41,17,16,1,1,37,37,37,2.88,1.02,0.1441,0.1356,0.0085,0
U01066,9,3,2,2,2,2,2,0,0,97,97,97,4.5,1.5,0.2222,0.2222,0.0,0
U01067,18,7,6,6,6,2,3,0,0,79,79,79,3.0,1.17,0.1111,0.1667,0.0,0
U01069,9,4,3,3,3,1,1,0,0,114,114,114,3.0,1.33,0.1111,0.1111,0.0,0
U01070,89,30,29,29,29,17,11,1,1,34,34,34,3.07,1.03,0.191,0.1236,0.0112,0
U01071,35,12,11,11,11,7,4,1,0,27,27,27,3.18,1.09,0.2,0.1143,0.0286,0
U01072,156,52,51,51,51,35,17,1,0,44,44,44,3.06,1.02,0.2244,0.109,0.0064,0
U01074,62,20,19,19,19,13,9,1,0,36,36,36,3.26,1.05,0.2097,0.1452,0.0161,0
U01075,76,27,26,26,26,14,7,1,1,67,67,67,2.92,1.04,0.1842,0.0921,0.0132,0
U01076,63,21,20,20,20,12,8,1,1,94,94,94,3.15,1.05,0.1905,0.127,0.0159,0
U01077,31,10,9,9,9,6,4,1,1,20,20,20,3.44,1.11,0.1935,0.129,0.0323,0
U01078,32,11,10,10,10,6,4,1,0,57,57,57,3.2,1.1,0.1875,0.125,0.0313,0
U01079,27,10,9,9,9,4,4,0,0,24,24,24,3.0,1.11,0.1481,0.1481,0.0,0
U01080,13,5,4,4,4,3,1,0,0,91,91,91,3.25,1.25,0.2308,0.0769,0.0,0
U01081,11,4,3,3,3,2,1,1,0,101,101,101,3.67,1.33,0.1818,0.0909,0.0909,0
U01082,39,13,12,12,12,8,5,1,0,61,61,61,3.25,1.08,0.2051,0.1282,0.0256,0
U01083,26,9,8,8,8,4,4,1,0,61,61,61,3.25,1.13,0.1538,0.1538,0.0385,0
U01085,18,6,5,5,5,3,2,1,1,0,0,0,3.6,1.2,0.1667,0.1111,0.0556,0
U01086,169,59,58,58,58,33,17,1,1,27,27,27,2.91,1.02,0.1953,0.1006,0.0059,0
U01087,50,17,16,16,16,12,5,0,0,45,45,45,3.13,1.06,0.24,0.1,0.0,0
U01088,36,12,11,11,11,7,4,1,1,0,0,0,3.27,1.09,0.1944,0.1111,0.0278,0
U01089,5,2,1,1,1,1,0,1,0,109,109,109,5.0,2.0,0.2,0.0,0.2,0
U01090,15,6,5,5,5,3,1,0,0,4,4,4,3.0,1.2,0.2,0.0667,0.0,0
U01091,50,17,16,16,16,11,5,1,0,17,17,17,3.13,1.06,0.22,0.1,0.02,0
U01092,89,31,30,30,30,12,15,1,0,56,56,56,2.97,1.03,0.1348,0.1685,0.0112,0
U01093,50,16,15,15,15,11,7,1,0,62,62,62,3.33,1.07,0.22,0.14,0.02,0
U01095,45,15,14,14,14,8,7,1,0,30,30,30,3.21,1.07,0.1778,0.1556,0.0222,0
U01097,59,19,18,18,18,14,6,1,1,1,1,1,3.28,1.06,0.2373,0.1017,0.0169,0
U01098,11,4,3,3,3,3,1,0,0,77,77,77,3.67,1.33,0.2727,0.0909,0.0,0
U01099,140,48,47,47,47,28,16,1,0,38,38,38,2.98,1.02,0.2,0.1143,0.0071,0
U01100,19,7,6,6,6,5,1,0,0,0,0,0,3.17,1.17,0.2632,0.0526,0.0,0
U01102,73,24,23,23,23,17,7,1,1,17,17,17,3.17,1.04,0.2329,0.0959,0.0137,0
U01103,21,8,7,7,7,3,2,1,0,107,107,107,3.0,1.14,0.1429,0.0952,0.0476,0
U01106,110,37,36,36,36,20,16,1,0,60,60,60,3.06,1.03,0.1818,0.1455,0.0091,0
U01109,45,15,14,14,14,11,4,1,0,28,28,28,3.21,1.07,0.2444,0.0889,0.0222,0
U01110,30,10,9,9,9,6,4,1,0,22,22,22,3.33,1.11,0.2,0.1333,0.0333,0
U01111,10,4,3,3,3,2,1,0,0,31,31,31,3.33,1.33,0.2,0.1,0.0,0
U01114,55,19,19,18,18,12,3,1,1,9,37,37,2.89,1.0,0.2182,0.0545,0.0182,0
U01115,27,9,8,8,8,6,4,0,0,52,52,52,3.38,1.13,0.2222,0.1481,0.0,0
U01116,17,5,4,4,4,4,2,1,1,0,0,0,4.25,1.25,0.2353,0.1176,0.0588,0
U01117,24,10,9,9,9,2,3,0,0,3,3,3,2.67,1.11,0.0833,0.125,0.0,0
U01120,47,16,16,15,15,8,5,1,1,35,61,61,2.94,1.0,0.1702,0.1064,0.0213,0
U01121,53,17,16,16,16,10,10,0,0,0,0,0,3.31,1.06,0.1887,0.1887,0.0,0
U01122,35,13,12,12,12,7,3,0,0,25,25,25,2.92,1.08,0.2,0.0857,0.0,0
U01123,133,43,42,42,42,25,22,1,0,25,25,25,3.17,1.02,0.188,0.1654,0.0075,0
U01127,163,55,54,54,54,30,22,1,1,26,26,26,3.02,1.02,0.184,0.135,0.0061,0
U01129,24,9,8,8,8,2,4,1,0,16,16,16,3.0,1.13,0.0833,0.1667,0.0417,0
U01131,3,2,1,1,1,0,0,0,0,61,61,61,3.0,2.0,0.0,0.0,0.0,0
U01132,46,15,14,14,14,9,7,1,0,61,61,61,3.29,1.07,0.1957,0.1522,0.0217,0
U01135,13,4,3,3,3,2,3,1,0,0,0,0,4.33,1.33,0.1538,0.2308,0.0769,0
U01136,57,18,17,17,17,12,9,1,0,58,58,58,3.35,1.06,0.2105,0.1579,0.0175,0
U01137,3,2,1,1,1,0,0,0,0,95,95,95,3.0,2.0,0.0,0.0,0.0,0
U01138,53,18,17,17,17,9,8,1,0,94,94,94,3.12,1.06,0.1698,0.1509,0.0189,0
U01139,38,13,12,12,12,6,6,1,0,61,61,61,3.17,1.08,0.1579,0.1579,0.0263,0
U01141,34,12,11,11,11,7,3,1,0,0,0,0,3.09,1.09,0.2059,0.0882,0.0294,0
U01143,69,24,23,23,23,10,10,1,1,50,50,50,3.0,1.04,0.1449,0.1449,0.0145,0
U01144,58,20,19,19,19,11,6,1,1,0,0,0,3.05,1.05,0.1897,0.1034,0.0172,0
U01146,51,17,16,16,16,13,5,0,0,4,4,4,3.19,1.06,0.2549,0.098,0.0,0
U01147,69,24,23,23,23,14,6,1,1,65,65,65,3.0,1.04,0.2029,0.087,0.0145,0
U01150,98,32,31,31,31,20,13,1,1,3,3,3,3.16,1.03,0.2041,0.1327,0.0102,0
U01152,42,14,13,13,13,8,5,1,1,45,45,45,3.23,1.08,0.1905,0.119,0.0238,0
U01153,58,20,19,19,19,13,4,1,1,65,65,65,3.05,1.05,0.2241,0.069,0.0172,0
U01155,29,11,10,10,10,5,3,0,0,49,49,49,2.9,1.1,0.1724,0.1034,0.0,0
U01156,25,8,7,7,7,3,5,1,1,0,0,0,3.57,1.14,0.12,0.2,0.04,0
U01157,62,20,19,19,19,12,9,1,1,70,70,70,3.26,1.05,0.1935,0.1452,0.0161,0
U01158,25,9,8,8,8,3,4,1,0,53,53,53,3.13,1.13,0.12,0.16,0.04,0
U01165,33,13,12,12,12,6,2,0,0,96,96,96,2.75,1.08,0.1818,0.0606,0.0,0
U01166,38,11,10,10,10,10,5,1,1,84,84,84,3.8,1.1,0.2632,0.1316,0.0263,0
U01169,59,19,18,18,18,12,9,1,0,15,15,15,3.28,1.06,0.2034,0.1525,0.0169,0
U01170,117,40,39,39,39,24,12,1,1,34,34,34,3.0,1.03,0.2051,0.1026,0.0085,0
U01171,43,15,14,14,14,7,6,1,0,39,39,39,3.07,1.07,0.1628,0.1395,0.0233,0
U01172,18,7,6,6,6,3,2,0,0,12,12,12,3.0,1.17,0.1667,0.1111,0.0,0
U01173,62,20,19,19,19,12,10,1,0,82,82,82,3.26,1.05,0.1935,0.1613,0.0161,0
U01175,10,5,4,4,4,1,0,0,0,29,29,29,2.5,1.25,0.1,0.0,0.0,0
U01177,80,28,27,27,27,14,9,1,1,93,93,93,2.96,1.04,0.175,0.1125,0.0125,0
U01179,95,32,31,31,31,17,14,1,0,22,22,22,3.06,1.03,0.1789,0.1474,0.0105,0
U01183,26,10,9,9,9,4,2,1,0,32,32,32,2.89,1.11,0.1538,0.0769,0.0385,0
U01184,6,3,2,2,2,1,0,0,0,66,66,66,3.0,1.5,0.1667,0.0,0.0,0
U01185,123,41,40,40,40,22,19,1,0,0,0,0,3.08,1.02,0.1789,0.1545,0.0081,0
U01187,14,5,4,4,4,2,1,1,1,0,0,0,3.5,1.25,0.1429,0.0714,0.0714,0
U01193,12,5,4,4,4,2,1,0,0,86,86,86,3.0,1.25,0.1667,0.0833,0.0,0
U01195,48,18,17,17,17,11,2,0,0,61,61,61,2.82,1.06,0.2292,0.0417,0.0,0
U01197,91,30,29,29,29,19,11,1,1,0,0,0,3.14,1.03,0.2088,0.1209,0.011,0
U01198,22,7,6,6,6,5,4,0,0,74,74,74,3.67,1.17,0.2273,0.1818,0.0,0
U01200,61,21,20,20,20,12,6,1,1,99,99,99,3.05,1.05,0.1967,0.0984,0.0164,0
U01201,48,18,17,17,17,9,3,1,0,58,58,58,2.82,1.06,0.1875,0.0625,0.0208,0
U01202,55,17,16,16,16,12,8,1,1,31,31,31,3.44,1.06,0.2182,0.1455,0.0182,0
U01203,110,37,36,36,36,22,14,1,0,20,20,20,3.06,1.03,0.2,0.1273,0.0091,0
U01204,33,12,11,11,11,7,2,1,0,39,39,39,3.0,1.09,0.2121,0.0606,0.0303,0
U01205,7,3,2,2,2,0,2,0,0,63,63,63,3.5,1.5,0.0,0.2857,0.0,0
U01206,16,6,5,5,5,3,2,0,0,102,102,102,3.2,1.2,0.1875,0.125,0.0,0
U01207,64,20,20,19,19,13,9,1,1,31,60,60,3.2,1.0,0.2031,0.1406,0.0156,0
U01208,61,21,20,20,20,10,9,1,0,76,76,76,3.05,1.05,0.1639,0.1475,0.0164,0
U01209,36,13,12,12,12,6,4,1,0,61,61,61,3.0,1.08,0.1667,0.1111,0.0278,0
U01210,53,18,17,17,17,9,7,1,1,10,10,10,3.12,1.06,0.1698,0.1321,0.0189,1
U01213,20,7,6,6,6,4,3,0,0,41,41,41,3.33,1.17,0.2,0.15,0.0,0
U01214,24,8,7,7,7,6,2,1,0,16,16,16,3.43,1.14,0.25,0.0833,0.0417,0
U01215,44,14,13,13,13,8,7,1,1,0,0,0,3.38,1.08,0.1818,0.1591,0.0227,0
U01217,49,15,14,14,14,9,9,1,1,40,40,40,3.5,1.07,0.1837,0.1837,0.0204,0
U01219,52,17,16,16,16,9,8,1,1,104,104,104,3.25,1.06,0.1731,0.1538,0.0192,0
U01220,52,20,19,19,19,7,5,1,0,77,77,77,2.74,1.05,0.1346,0.0962,0.0192,0
U01221,14,5,4,4,4,3,2,0,0,0,0,0,3.5,1.25,0.2143,0.1429,0.0,0
U01223,11,4,3,3,3,1,3,0,0,0,0,0,3.67,1.33,0.0909,0.2727,0.0,0
U01225,20,6,5,5,5,4,3,1,1,0,0,0,4.0,1.2,0.2,0.15,0.05,0
U01226,13,5,4,4,4,4,0,0,0,73,73,73,3.25,1.25,0.3077,0.0,0.0,0
U01227,4,2,1,1,1,1,0,0,0,1,1,1,4.0,2.0,0.25,0.0,0.0,0
U01228,135,47,46,46,46,22,19,1,0,0,0,0,2.93,1.02,0.163,0.1407,0.0074,0
U01229,19,7,6,6,6,3,3,0,0,77,77,77,3.17,1.17,0.1579,0.1579,0.0,0
U01230,59,20,19,19,19,14,4,1,1,61,61,61,3.11,1.05,0.2373,0.0678,0.0169,0
U01232,19,7,6,6,6,3,2,1,0,0,0,0,3.17,1.17,0.1579,0.1053,0.0526,0
U01233,23,8,7,7,7,5,1,1,1,0,0,0,3.29,1.14,0.2174,0.0435,0.0435,0
U01234,15,6,5,5,5,3,1,0,0,80,80,80,3.0,1.2,0.2,0.0667,0.0,0
U01235,57,20,19,19,19,11,6,1,0,76,76,76,3.0,1.05,0.193,0.1053,0.0175,0
U01236,14,5,4,4,4,2,1,1,1,0,0,0,3.5,1.25,0.1429,0.0714,0.0714,0
U01239,66,21,20,20,20,12,12,1,0,76,76,76,3.3,1.05,0.1818,0.1818,0.0152,0
U01240,28,9,8,8,8,6,4,1,0,104,104,104,3.5,1.13,0.2143,0.1429,0.0357,0
U01244,3,2,1,1,1,0,0,0,0,62,62,62,3.0,2.0,0.0,0.0,0.0,0
U01245,5,3,2,2,2,0,0,0,0,15,15,15,2.5,1.5,0.0,0.0,0.0,0
U01246,47,16,15,15,15,9,5,1,1,66,66,66,3.13,1.07,0.1915,0.1064,0.0213,1
U01247,41,14,13,13,13,7,6,1,0,13,13,13,3.15,1.08,0.1707,0.1463,0.0244,0
U01249,17,7,6,6,6,3,0,1,0,63,63,63,2.83,1.17,0.1765,0.0,0.0588,0
U01251,7,3,2,2,2,1,0,1,0,12,12,12,3.5,1.5,0.1429,0.0,0.1429,0
U01252,59,19,18,18,18,10,10,1,1,54,54,54,3.28,1.06,0.1695,0.1695,0.0169,0
U01253,50,19,18,18,18,8,4,1,0,40,40,40,2.78,1.06,0.16,0.08,0.02,0
U01254,6,3,2,2,2,1,0,0,0,113,113,113,3.0,1.5,0.1667,0.0,0.0,0
U01256,29,9,8,8,8,5,5,1,1,88,88,88,3.63,1.13,0.1724,0.1724,0.0345,0
U01258,34,12,11,11,11,5,6,0,0,21,21,21,3.09,1.09,0.1471,0.1765,0.0,0
U01259,41,14,13,13,13,7,6,1,0,62,62,62,3.15,1.08,0.1707,0.1463,0.0244,0
U01261,11,4,3,3,3,3,1,0,0,84,84,84,3.67,1.33,0.2727,0.0909,0.0,0
U01263,13,5,4,4,4,3,1,0,0,73,73,73,3.25,1.25,0.2308,0.0769,0.0,0
U01265,40,14,13,13,13,7,5,1,0,103,103,103,3.08,1.08,0.175,0.125,0.025,0
U01266,8,3,2,2,2,2,1,0,0,108,108,108,4.0,1.5,0.25,0.125,0.0,0
U01269,27,10,9,9,9,6,2,0,0,96,96,96,3.0,1.11,0.2222,0.0741,0.0,0
U01271,87,30,29,29,29,17,10,1,0,0,0,0,3.0,1.03,0.1954,0.1149,0.0115,0
U01273,51,19,18,18,18,10,4,0,0,19,19,19,2.83,1.06,0.1961,0.0784,0.0,0
U01274,10,4,3,3,3,2,1,0,0,0,0,0,3.33,1.33,0.2,0.1,0.0,0
U01275,97,35,34,34,34,17,10,1,0,64,64,64,2.85,1.03,0.1753,0.1031,0.0103,0
U01278,9,4,3,3,3,1,1,0,0,80,80,80,3.0,1.33,0.1111,0.1111,0.0,0
U01279,56,17,16,16,16,13,9,1,0,49,49,49,3.5,1.06,0.2321,0.1607,0.0179,0
U01280,20,7,6,6,6,6,1,0,0,76,76,76,3.33,1.17,0.3,0.05,0.0,0
U01281,62,22,21,21,21,12,6,1,0,94,94,94,2.95,1.05,0.1935,0.0968,0.0161,0
U01283,17,7,6,6,6,2,2,0,0,93,93,93,2.83,1.17,0.1176,0.1176,0.0,0
U01284,45,15,14,14,14,10,4,1,1,38,38,38,3.21,1.07,0.2222,0.0889,0.0222,0
U01286,44,15,14,14,14,8,6,1,0,3,3,3,3.14,1.07,0.1818,0.1364,0.0227,0
U01287,31,11,10,10,10,6,3,1,0,85,85,85,3.1,1.1,0.1935,0.0968,0.0323,0
U01288,134,48,47,47,47,22,15,1,1,28,28,28,2.85,1.02,0.1642,0.1119,0.0075,0
U01292,17,6,5,5,5,3,2,1,0,58,58,58,3.4,1.2,0.1765,0.1176,0.0588,0
U01293,23,8,7,7,7,6,0,1,1,59,59,59,3.29,1.14,0.2609,0.0,0.0435,0
U01294,9,4,3,3,3,1,1,0,0,65,65,65,3.0,1.33,0.1111,0.1111,0.0,0
U01295,41,15,14,14,14,8,2,1,1,64,64,64,2.93,1.07,0.1951,0.0488,0.0244,0
U01298,9,4,3,3,3,1,1,0,0,76,76,76,3.0,1.33,0.1111,0.1111,0.0,0
U01300,15,6,5,5,5,3,1,0,0,97,97,97,3.0,1.2,0.2,0.0667,0.0,0
U01301,15,6,5,5,5,3,1,0,0,110,110,110,3.0,1.2,0.2,0.0667,0.0,0
U01302,27,9,8,8,8,7,2,1,0,27,27,27,3.38,1.13,0.2593,0.0741,0.037,0
U01303,5,2,1,1,1,1,1,0,0,51,51,51,5.0,2.0,0.2,0.2,0.0,0
U01304,15,6,5,5,5,2,2,0,0,46,46,46,3.0,1.2,0.1333,0.1333,0.0,0
U01305,51,18,17,17,17,9,5,1,1,80,80,80,3.0,1.06,0.1765,0.098,0.0196,0
U01306,18,6,5,5,5,4,3,0,0,78,78,78,3.6,1.2,0.2222,0.1667,0.0,0
U01307,76,25,24,24,24,16,10,1,0,25,25,25,3.17,1.04,0.2105,0.1316,0.0132,0
U01308,58,21,20,20,20,12,4,1,0,27,27,27,2.9,1.05,0.2069,0.069,0.0172,0
U01309,26,10,10,9,9,2,2,1,1,56,106,106,2.6,1.0,0.0769,0.0769,0.0385,0
U01310,13,5,4,4,4,3,1,0,0,35,35,35,3.25,1.25,0.2308,0.0769,0.0,0
U01313,6,3,2,2,2,1,0,0,0,59,59,59,3.0,1.5,0.1667,0.0,0.0,0
U01314,42,15,14,14,14,9,3,1,0,33,33,33,3.0,1.07,0.2143,0.0714,0.0238,0
U01321,28,11,10,10,10,2,4,1,0,99,99,99,2.8,1.1,0.0714,0.1429,0.0357,0
U01323,28,11,10,10,10,4,3,0,0,35,35,35,2.8,1.1,0.1429,0.1071,0.0,0
U01325,30,10,9,9,9,6,5,0,0,75,75,75,3.33,1.11,0.2,0.1667,0.0,0
U01326,23,7,6,6,6,6,4,0,0,69,69,69,3.83,1.17,0.2609,0.1739,0.0,0
U01328,39,13,12,12,12,8,4,1,1,0,0,0,3.25,1.08,0.2051,0.1026,0.0256,0
U01331,84,28,27,27,27,18,9,1,1,5,5,5,3.11,1.04,0.2143,0.1071,0.0119,0
U01332,37,11,10,10,10,7,7,1,1,0,0,0,3.7,1.1,0.1892,0.1892,0.027,0
U01333,48,16,15,15,15,9,7,1,0,9,9,9,3.2,1.07,0.1875,0.1458,0.0208,0
U01337,61,21,20,20,20,13,5,1,1,20,20,20,3.05,1.05,0.2131,0.082,0.0164,0
U01338,21,8,7,7,7,2,4,0,0,53,53,53,3.0,1.14,0.0952,0.1905,0.0,0
U01340,3,2,1,1,1,0,0,0,0,118,118,118,3.0,2.0,0.0,0.0,0.0,0
U01341,21,7,6,6,6,4,3,1,0,8,8,8,3.5,1.17,0.1905,0.1429,0.0476,0
U01344,97,33,32,32,32,20,10,1,1,0,0,0,3.03,1.03,0.2062,0.1031,0.0103,0
U01345,30,10,9,9,9,7,3,1,0,72,72,72,3.33,1.11,0.2333,0.1,0.0333,0
U01346,12,5,4,4,4,2,1,0,0,90,90,90,3.0,1.25,0.1667,0.0833,0.0,0
U01348,7,3,2,2,2,2,0,0,0,78,78,78,3.5,1.5,0.2857,0.0,0.0,0
U01351,26,9,8,8,8,7,1,1,0,56,56,56,3.25,1.13,0.2692,0.0385,0.0385,0
U01352,31,11,10,10,10,6,3,1,0,0,0,0,3.1,1.1,0.1935,0.0968,0.0323,0
U01354,5,2,1,1,1,1,1,0,0,59,59,59,5.0,2.0,0.2,0.2,0.0,0
U01356,8,3,2,2,2,2,1,0,0,31,31,31,4.0,1.5,0.25,0.125,0.0,0
U01358,12,5,4,4,4,3,0,0,0,40,40,40,3.0,1.25,0.25,0.0,0.0,0
U01362,13,5,4,4,4,1,3,0,0,72,72,72,3.25,1.25,0.0769,0.2308,0.0,0
U01363,6,3,2,2,2,1,0,0,0,77,77,77,3.0,1.5,0.1667,0.0,0.0,0
U01364,58,19,18,18,18,12,7,1,1,0,0,0,3.22,1.06,0.2069,0.1207,0.0172,0
U01365,28,9,8,8,8,6,5,0,0,76,76,76,3.5,1.13,0.2143,0.1786,0.0,0
U01366,7,3,2,2,2,0,0,1,1,44,44,44,3.5,1.5,0.0,0.0,0.1429,1
U01367,7,3,2,2,2,1,1,0,0,16,16,16,3.5,1.5,0.1429,0.1429,0.0,0
U01368,32,10,9,9,9,6,5,1,1,0,0,0,3.56,1.11,0.1875,0.1563,0.0313,0
U01369,27,11,10,10,10,2,2,1,1,68,68,68,2.7,1.1,0.0741,0.0741,0.037,0
U01370,3,2,1,1,1,0,0,0,0,64,64,64,3.0,2.0,0.0,0.0,0.0,0
U01371,21,8,7,7,7,3,3,0,0,85,85,85,3.0,1.14,0.1429,0.1429,0.0,0
U01372,57,20,19,19,19,10,6,1,1,41,41,41,3.0,1.05,0.1754,0.1053,0.0175,0
U01375,9,4,3,3,3,2,0,0,0,23,23,23,3.0,1.33,0.2222,0.0,0.0,0
U01379,27,9,8,8,8,7,2,1,0,3,3,3,3.38,1.13,0.2593,0.0741,0.037,0
U01381,18,6,5,5,5,3,3,1,0,16,16,16,3.6,1.2,0.1667,0.1667,0.0556,0
U01383,42,15,14,14,14,9,3,1,0,97,97,97,3.0,1.07,0.2143,0.0714,0.0238,0
U01384,119,40,39,39,39,22,16,1,1,53,53,53,3.05,1.03,0.1849,0.1345,0.0084,0
U01386,50,17,16,16,16,10,7,0,0,22,22,22,3.13,1.06,0.2,0.14,0.0,0
U01387,61,21,20,20,20,12,6,1,1,69,69,69,3.05,1.05,0.1967,0.0984,0.0164,0
U01389,8,3,2,2,2,2,1,0,0,95,95,95,4.0,1.5,0.25,0.125,0.0,0
U01390,19,7,6,6,6,3,3,0,0,0,0,0,3.17,1.17,0.1579,0.1579,0.0,0
U01392,32,12,11,11,11,7,1,1,0,54,54,54,2.91,1.09,0.2188,0.0313,0.0313,0
U01393,97,34,33,33,33,19,9,1,1,30,30,30,2.94,1.03,0.1959,0.0928,0.0103,0
U01394,29,10,9,9,9,6,2,1,1,0,0,0,3.22,1.11,0.2069,0.069,0.0345,0
U01395,90,29,28,28,28,19,12,1,1,2,2,2,3.21,1.04,0.2111,0.1333,0.0111,0
U01396,36,12,11,11,11,7,6,0,0,35,35,35,3.27,1.09,0.1944,0.1667,0.0,0
U01397,43,15,14,14,14,6,6,1,1,20,20,20,3.07,1.07,0.1395,0.1395,0.0233,0
U01398,33,12,11,11,11,5,4,1,0,44,44,44,3.0,1.09,0.1515,0.1212,0.0303,0
U01399,49,18,17,17,17,10,4,0,0,56,56,56,2.88,1.06,0.2041,0.0816,0.0,0
U01401,23,9,8,8,8,5,1,0,0,18,18,18,2.88,1.13,0.2174,0.0435,0.0,0
U01404,105,35,34,34,34,24,10,1,1,0,0,0,3.09,1.03,0.2286,0.0952,0.0095,0
U01405,34,12,11,11,11,5,5,1,0,6,6,6,3.09,1.09,0.1471,0.1471,0.0294,0
U01407,66,21,20,20,20,13,11,1,0,19,19,19,3.3,1.05,0.197,0.1667,0.0152,0
U01408,173,57,56,56,56,35,24,1,0,29,29,29,3.09,1.02,0.2023,0.1387,0.0058,0
U01410,14,5,4,4,4,2,2,1,0,32,32,32,3.5,1.25,0.1429,0.1429,0.0714,0
U01412,31,12,11,11,11,3,4,1,0,0,0,0,2.82,1.09,0.0968,0.129,0.0323,0
U01414,50,16,15,15,15,12,6,1,0,14,14,14,3.33,1.07,0.24,0.12,0.02,0
U01415,20,8,7,7,7,3,2,0,0,71,71,71,2.86,1.14,0.15,0.1,0.0,0
U01417,40,15,14,14,14,8,3,0,0,20,20,20,2.86,1.07,0.2,0.075,0.0,0
U01418,3,2,1,1,1,0,0,0,0,112,112,112,3.0,2.0,0.0,0.0,0.0,0
U01420,64,21,20,20,20,16,6,1,0,15,15,15,3.2,1.05,0.25,0.0938,0.0156,0
U01421,68,22,21,21,21,13,10,1,1,51,51,51,3.24,1.05,0.1912,0.1471,0.0147,0
U01423,21,7,6,6,6,5,3,0,0,81,81,81,3.5,1.17,0.2381,0.1429,0.0,0
U01424,50,18,17,17,17,9,5,1,0,50,50,50,2.94,1.06,0.18,0.1,0.02,0
U01425,50,16,15,15,15,10,8,1,0,88,88,88,3.33,1.07,0.2,0.16,0.02,0
U01430,19,6,5,5,5,5,2,1,0,0,0,0,3.8,1.2,0.2632,0.1053,0.0526,0
U01433,22,9,8,8,8,4,1,0,0,111,111,111,2.75,1.13,0.1818,0.0455,0.0,0
U01434,23,8,7,7,7,5,2,1,0,100,100,100,3.29,1.14,0.2174,0.087,0.0435,0
U01435,7,3,2,2,2,1,1,0,0,110,110,110,3.5,1.5,0.1429,0.1429,0.0,0
U01436,37,13,12,12,12,4,8,0,0,38,38,38,3.08,1.08,0.1081,0.2162,0.0,0
U01437,19,7,6,6,6,4,2,0,0,107,107,107,3.17,1.17,0.2105,0.1053,0.0,0
U01438,80,28,27,27,27,14,10,1,0,0,0,0,2.96,1.04,0.175,0.125,0.0125,0
U01441,47,16,15,15,15,8,7,1,0,72,72,72,3.13,1.07,0.1702,0.1489,0.0213,0
U01442,57,19,18,18,18,10,9,1,0,78,78,78,3.17,1.06,0.1754,0.1579,0.0175,0
U01443,49,16,15,15,15,13,4,1,0,5,5,5,3.27,1.07,0.2653,0.0816,0.0204,0
U01444,46,16,15,15,15,9,5,1,0,1,1,1,3.07,1.07,0.1957,0.1087,0.0217,0
U01445,22,8,7,7,7,5,1,1,0,103,103,103,3.14,1.14,0.2273,0.0455,0.0455,0
U01446,37,14,13,13,13,7,2,1,0,87,87,87,2.85,1.08,0.1892,0.0541,0.027,0
U01447,62,21,20,20,20,14,6,1,0,42,42,42,3.1,1.05,0.2258,0.0968,0.0161,0
U01448,8,4,3,3,3,0,1,0,0,63,63,63,2.67,1.33,0.0,0.125,0.0,0
U01449,19,6,5,5,5,3,4,1,0,58,58,58,3.8,1.2,0.1579,0.2105,0.0526,0
U01450,7,3,2,2,2,1,1,0,0,0,0,0,3.5,1.5,0.1429,0.1429,0.0,0
U01451,59,20,19,19,19,10,8,1,1,0,0,0,3.11,1.05,0.1695,0.1356,0.0169,1
U01453,7,3,2,2,2,1,1,0,0,73,73,73,3.5,1.5,0.1429,0.1429,0.0,0
U01456,41,14,13,13,13,8,4,1,1,71,71,71,3.15,1.08,0.1951,0.0976,0.0244,0
U01457,46,17,16,16,16,9,3,1,0,24,24,24,2.88,1.06,0.1957,0.0652,0.0217,0
U01459,35,12,11,11,11,8,3,1,0,67,67,67,3.18,1.09,0.2286,0.0857,0.0286,0
U01461,35,11,10,10,10,8,5,1,0,78,78,78,3.5,1.1,0.2286,0.1429,0.0286,0
U01463,30,10,10,9,9,4,4,1,1,13,70,70,3.0,1.0,0.1333,0.1333,0.0333,0
U01464,62,21,20,20,20,11,8,1,1,80,80,80,3.1,1.05,0.1774,0.129,0.0161,0
U01465,122,39,38,38,38,29,14,1,1,0,0,0,3.21,1.03,0.2377,0.1148,0.0082,0
U01466,58,21,20,20,20,10,6,1,0,25,25,25,2.9,1.05,0.1724,0.1034,0.0172,0
U01467,6,2,1,1,1,1,1,1,0,117,117,117,6.0,2.0,0.1667,0.1667,0.1667,0
U01468,7,3,2,2,2,2,0,0,0,76,76,76,3.5,1.5,0.2857,0.0,0.0,0
U01469,13,5,4,4,4,2,2,0,0,32,32,32,3.25,1.25,0.1538,0.1538,0.0,0
U01470,34,11,11,10,10,8,2,1,1,30,110,110,3.09,1.0,0.2353,0.0588,0.0294,0
U01471,29,10,9,9,9,6,2,1,1,40,40,40,3.22,1.11,0.2069,0.069,0.0345,0
U01473,5,2,1,1,1,1,1,0,0,57,57,57,5.0,2.0,0.2,0.2,0.0,0
U01474,31,11,10,10,10,7,1,1,1,52,52,52,3.1,1.1,0.2258,0.0323,0.0323,0
U01478,35,14,13,13,13,5,3,0,0,54,54,54,2.69,1.08,0.1429,0.0857,0.0,0
U01479,24,8,7,7,7,5,2,1,1,0,0,0,3.43,1.14,0.2083,0.0833,0.0417,0
U01480,36,12,11,11,11,7,4,1,1,106,106,106,3.27,1.09,0.1944,0.1111,0.0278,0
U01481,39,13,12,12,12,7,5,1,1,38,38,38,3.25,1.08,0.1795,0.1282,0.0256,0
U01482,158,53,52,52,52,27,24,1,1,0,0,0,3.04,1.02,0.1709,0.1519,0.0063,0
U01483,65,22,21,21,21,14,6,1,1,48,48,48,3.1,1.05,0.2154,0.0923,0.0154,0
U01484,50,16,15,15,15,12,5,1,1,35,35,35,3.33,1.07,0.24,0.1,0.02,0
U01486,10,3,2,2,2,2,2,1,0,0,0,0,5.0,1.5,0.2,0.2,0.1,0
U01487,57,20,19,19,19,12,6,0,0,37,37,37,3.0,1.05,0.2105,0.1053,0.0,0
U01489,36,12,11,11,11,6,5,1,1,2,2,2,3.27,1.09,0.1667,0.1389,0.0278,0
U01490,23,8,7,7,7,5,3,0,0,38,38,38,3.29,1.14,0.2174,0.1304,0.0,0
U01492,56,18,17,17,17,14,5,1,1,34,34,34,3.29,1.06,0.25,0.0893,0.0179,0
U01493,110,40,39,39,39,19,11,1,0,0,0,0,2.82,1.03,0.1727,0.1,0.0091,0
U01494,46,17,16,16,16,7,5,1,0,15,15,15,2.88,1.06,0.1522,0.1087,0.0217,0
U01495,15,5,4,4,4,3,3,0,0,76,76,76,3.75,1.25,0.2,0.2,0.0,0
U01496,88,30,29,29,29,16,11,1,1,0,0,0,3.03,1.03,0.1818,0.125,0.0114,0
U01497,47,15,14,14,14,11,5,1,1,73,73,73,3.36,1.07,0.234,0.1064,0.0213,0
U01498,45,14,13,13,13,9,7,1,1,61,61,61,3.46,1.08,0.2,0.1556,0.0222,0
U01499,138,47,46,46,46,26,17,1,1,0,0,0,3.0,1.02,0.1884,0.1232,0.0072,0
U01502,67,21,20,20,20,16,9,1,0,92,92,92,3.35,1.05,0.2388,0.1343,0.0149,0
U01503,10,4,3,3,3,2,1,0,0,92,92,92,3.33,1.33,0.2,0.1,0.0,0
U01508,17,7,6,6,6,2,2,0,0,90,90,90,2.83,1.17,0.1176,0.1176,0.0,0
U01509,22,7,6,6,6,5,3,1,0,4,4,4,3.67,1.17,0.2273,0.1364,0.0455,0
U01510,100,37,36,36,36,15,10,1,1,0,0,0,2.78,1.03,0.15,0.1,0.01,0
U01511,10,4,3,3,3,2,1,0,0,8,8,8,3.33,1.33,0.2,0.1,0.0,0
U01512,33,12,11,11,11,7,3,0,0,3,3,3,3.0,1.09,0.2121,0.0909,0.0,0
U01513,18,7,6,6,6,4,1,0,0,104,104,104,3.0,1.17,0.2222,0.0556,0.0,0
U01514,22,9,8,8,8,4,0,1,0,8,8,8,2.75,1.13,0.1818,0.0,0.0455,0
U01515,24,9,8,8,8,4,2,1,0,0,0,0,3.0,1.13,0.1667,0.0833,0.0417,0
U01516,12,5,4,4,4,2,1,0,0,69,69,69,3.0,1.25,0.1667,0.0833,0.0,0
U01517,6,3,2,2,2,1,0,0,0,111,111,111,3.0,1.5,0.1667,0.0,0.0,0
U01519,101,35,34,34,34,17,13,1,1,0,0,0,2.97,1.03,0.1683,0.1287,0.0099,0
U01520,30,10,9,9,9,7,4,0,0,9,9,9,3.33,1.11,0.2333,0.1333,0.0,0
U01521,126,41,40,40,40,29,15,1,0,42,42,42,3.15,1.02,0.2302,0.119,0.0079,0
U01522,45,15,14,14,14,11,4,1,0,60,60,60,3.21,1.07,0.2444,0.0889,0.0222,0
U01523,60,19,18,18,18,12,10,1,0,15,15,15,3.33,1.06,0.2,0.1667,0.0167,0
U01524,30,10,9,9,9,7,3,1,0,0,0,0,3.33,1.11,0.2333,0.1,0.0333,0
U01525,38,14,13,13,13,6,4,1,0,48,48,48,2.92,1.08,0.1579,0.1053,0.0263,0
U01528,41,14,13,13,13,8,5,1,0,68,68,68,3.15,1.08,0.1951,0.122,0.0244,0
U01529,133,43,42,42,42,28,18,1,1,0,0,0,3.17,1.02,0.2105,0.1353,0.0075,0
U01530,19,7,6,6,6,3,3,0,0,56,56,56,3.17,1.17,0.1579,0.1579,0.0,0
U01531,25,10,9,9,9,4,2,0,0,58,58,58,2.78,1.11,0.16,0.08,0.0,0
U01532,37,14,13,13,13,6,3,1,0,22,22,22,2.85,1.08,0.1622,0.0811,0.027,0
U01533,41,14,13,13,13,9,4,1,0,13,13,13,3.15,1.08,0.2195,0.0976,0.0244,0
U01534,49,17,16,16,16,7,8,1,0,83,83,83,3.06,1.06,0.1429,0.1633,0.0204,0
U01536,3,2,1,1,1,0,0,0,0,30,30,30,3.0,2.0,0.0,0.0,0.0,0
U01537,17,6,5,5,5,2,3,1,0,73,73,73,3.4,1.2,0.1176,0.1765,0.0588,0
U01538,3,2,1,1,1,0,0,0,0,70,70,70,3.0,2.0,0.0,0.0,0.0,0
U01539,14,6,5,5,5,1,2,0,0,73,73,73,2.8,1.2,0.0714,0.1429,0.0,0
U01540,47,17,16,16,16,7,6,1,0,40,40,40,2.94,1.06,0.1489,0.1277,0.0213,0
U01541,48,17,16,16,16,8,6,1,0,60,60,60,3.0,1.06,0.1667,0.125,0.0208,0
U01542,135,45,44,44,44,28,16,1,1,0,0,0,3.07,1.02,0.2074,0.1185,0.0074,0
U01544,17,7,6,6,6,3,1,0,0,0,0,0,2.83,1.17,0.1765,0.0588,0.0,0
U01545,12,5,4,4,4,2,1,0,0,75,75,75,3.0,1.25,0.1667,0.0833,0.0,0
U01548,20,8,7,7,7,1,4,0,0,107,107,107,2.86,1.14,0.05,0.2,0.0,0
U01549,32,11,10,10,10,6,5,0,0,26,26,26,3.2,1.1,0.1875,0.1563,0.0,0
U01550,97,33,32,32,32,20,10,1,1,75,75,75,3.03,1.03,0.2062,0.1031,0.0103,0
U01551,41,15,14,14,14,7,3,1,1,34,34,34,2.93,1.07,0.1707,0.0732,0.0244,0
U01552,53,19,18,18,18,9,6,1,0,42,42,42,2.94,1.06,0.1698,0.1132,0.0189,0
U01553,5,2,1,1,1,1,1,0,0,114,114,114,5.0,2.0,0.2,0.2,0.0,0
U01555,24,8,7,7,7,3,4,1,1,19,19,19,3.43,1.14,0.125,0.1667,0.0417,1
U01557,21,8,7,7,7,4,1,1,0,21,21,21,3.0,1.14,0.1905,0.0476,0.0476,0
U01558,10,4,3,3,3,2,1,0,0,8,8,8,3.33,1.33,0.2,0.1,0.0,0
U01559,6,3,2,2,2,1,0,0,0,24,24,24,3.0,1.5,0.1667,0.0,0.0,0
U01560,56,20,19,19,19,9,7,1,0,56,56,56,2.95,1.05,0.1607,0.125,0.0179,0
U01561,40,14,14,13,13,4,6,1,1,29,96,96,2.86,1.0,0.1,0.15,0.025,0
U01563,37,13,12,12,12,7,4,1,0,74,74,74,3.08,1.08,0.1892,0.1081,0.027,0
U01564,6,3,2,2,2,0,1,0,0,25,25,25,3.0,1.5,0.0,0.1667,0.0,0
U01565,19,7,6,6,6,4,2,0,0,82,82,82,3.17,1.17,0.2105,0.1053,0.0,0
U01566,6,3,2,2,2,1,0,0,0,16,16,16,3.0,1.5,0.1667,0.0,0.0,0
U01569,65,24,23,23,23,10,6,1,1,95,95,95,2.83,1.04,0.1538,0.0923,0.0154,0
U01571,43,15,14,14,14,9,3,1,1,18,18,18,3.07,1.07,0.2093,0.0698,0.0233,1
U01572,164,58,57,57,57,32,15,1,1,42,42,42,2.88,1.02,0.1951,0.0915,0.0061,0
U01573,136,46,45,45,45,29,14,1,1,28,28,28,3.02,1.02,0.2132,0.1029,0.0074,0
U01576,13,5,4,4,4,4,0,0,0,73,73,73,3.25,1.25,0.3077,0.0,0.0,0
U01577,63,21,20,20,20,13,8,1,0,47,47,47,3.15,1.05,0.2063,0.127,0.0159,0
U01579,56,19,18,18,18,13,5,1,0,3,3,3,3.11,1.06,0.2321,0.0893,0.0179,0
U01580,22,8,7,7,7,3,2,1,1,0,0,0,3.14,1.14,0.1364,0.0909,0.0455,0
U01582,10,4,3,3,3,2,1,0,0,12,12,12,3.33,1.33,0.2,0.1,0.0,0
U01583,41,13,12,12,12,8,7,1,0,2,2,2,3.42,1.08,0.1951,0.1707,0.0244,0
U01584,11,4,3,3,3,2,2,0,0,58,58,58,3.67,1.33,0.1818,0.1818,0.0,0
U01585,3,2,1,1,1,0,0,0,0,79,79,79,3.0,2.0,0.0,0.0,0.0,0
U01587,55,19,18,18,18,12,5,1,0,45,45,45,3.06,1.06,0.2182,0.0909,0.0182,0
U01588,58,20,19,19,19,12,6,1,0,89,89,89,3.05,1.05,0.2069,0.1034,0.0172,0
U01589,90,33,32,32,32,14,10,1,0,80,80,80,2.81,1.03,0.1556,0.1111,0.0111,0
U01592,62,21,20,20,20,12,8,1,0,14,14,14,3.1,1.05,0.1935,0.129,0.0161,0
U01594,167,56,55,55,55,33,22,1,0,62,62,62,3.04,1.02,0.1976,0.1317,0.006,0
U01595,134,46,45,45,45,29,12,1,1,65,65,65,2.98,1.02,0.2164,0.0896,0.0075,0
U01596,46,16,15,15,15,9,5,1,0,38,38,38,3.07,1.07,0.1957,0.1087,0.0217,0
U01597,7,3,2,2,2,2,0,0,0,17,17,17,3.5,1.5,0.2857,0.0,0.0,0
U01598,103,33,32,32,32,22,14,1,1,65,65,65,3.22,1.03,0.2136,0.1359,0.0097,0
U01599,55,20,19,19,19,11,4,1,0,65,65,65,2.89,1.05,0.2,0.0727,0.0182,0
U01600,10,4,3,3,3,2,1,0,0,0,0,0,3.33,1.33,0.2,0.1,0.0,0
U01601,15,5,4,4,4,2,3,1,0,74,74,74,3.75,1.25,0.1333,0.2,0.0667,0
U01605,48,17,16,16,16,9,6,0,0,74,74,74,3.0,1.06,0.1875,0.125,0.0,0
U01607,25,9,8,8,8,3,3,1,1,6,6,6,3.13,1.13,0.12,0.12,0.04,0
U01609,34,11,10,10,10,8,4,1,0,110,110,110,3.4,1.1,0.2353,0.1176,0.0294,0
U01610,39,15,14,14,14,7,2,1,0,0,0,0,2.79,1.07,0.1795,0.0513,0.0256,0
U01611,32,12,11,11,11,5,3,1,0,22,22,22,2.91,1.09,0.1563,0.0938,0.0313,0
U01612,17,7,6,6,6,2,1,1,0,41,41,41,2.83,1.17,0.1176,0.0588,0.0588,0
U01613,178,61,60,60,60,34,22,1,0,18,18,18,2.97,1.02,0.191,0.1236,0.0056,0
U01615,9,3,2,2,2,2,1,1,0,112,112,112,4.5,1.5,0.2222,0.1111,0.1111,0
U01616,49,17,16,16,16,8,8,0,0,80,80,80,3.06,1.06,0.1633,0.1633,0.0,0
U01617,36,12,11,11,11,8,4,1,0,4,4,4,3.27,1.09,0.2222,0.1111,0.0278,0
U01618,43,14,13,13,13,8,8,0,0,102,102,102,3.31,1.08,0.186,0.186,0.0,0
U01619,3,2,1,1,1,0,0,0,0,58,58,58,3.0,2.0,0.0,0.0,0.0,0
U01620,3,2,1,1,1,0,0,0,0,72,72,72,3.0,2.0,0.0,0.0,0.0,0
U01621,177,61,60,60,60,35,20,1,0,40,40,40,2.95,1.02,0.1977,0.113,0.0056,0
U01623,12,5,4,4,4,1,1,1,0,116,116,116,3.0,1.25,0.0833,0.0833,0.0833,0
U01624,8,3,2,2,2,1,2,0,0,27,27,27,4.0,1.5,0.125,0.25,0.0,0
U01626,3,2,1,1,1,0,0,0,0,36,36,36,3.0,2.0,0.0,0.0,0.0,0
U01628,40,14,13,13,13,7,5,1,0,0,0,0,3.08,1.08,0.175,0.125,0.025,0
U01629,49,17,16,16,16,9,6,1,0,54,54,54,3.06,1.06,0.1837,0.1224,0.0204,0
U01631,23,9,8,8,8,3,3,0,0,45,45,45,2.88,1.13,0.1304,0.1304,0.0,0
U01633,23,8,7,7,7,3,3,1,1,42,42,42,3.29,1.14,0.1304,0.1304,0.0435,1
U01634,61,21,20,20,20,9,9,1,1,93,93,93,3.05,1.05,0.1475,0.1475,0.0164,0
U01636,128,42,41,41,41,29,14,1,1,5,5,5,3.12,1.02,0.2266,0.1094,0.0078,0
U01637,38,12,11,11,11,10,4,1,0,90,90,90,3.45,1.09,0.2632,0.1053,0.0263,0
U01638,62,21,20,20,20,13,6,1,1,75,75,75,3.1,1.05,0.2097,0.0968,0.0161,0
U01639,67,22,21,21,21,16,6,1,1,21,21,21,3.19,1.05,0.2388,0.0896,0.0149,0
U01640,44,16,15,15,15,7,5,1,0,32,32,32,2.93,1.07,0.1591,0.1136,0.0227,0
U01641,53,17,16,16,16,8,10,1,1,89,89,89,3.31,1.06,0.1509,0.1887,0.0189,0
U01642,32,12,11,11,11,7,2,0,0,0,0,0,2.91,1.09,0.2188,0.0625,0.0,0
U01643,25,9,8,8,8,4,3,1,0,35,35,35,3.13,1.13,0.16,0.12,0.04,0
U01644,15,6,5,5,5,1,2,1,0,0,0,0,3.0,1.2,0.0667,0.1333,0.0667,0
U01645,3,2,1,1,1,0,0,0,0,34,34,34,3.0,2.0,0.0,0.0,0.0,0
U01646,141,47,46,46,46,33,13,1,1,59,59,59,3.07,1.02,0.234,0.0922,0.0071,0
U01648,25,9,8,8,8,5,2,1,0,111,111,111,3.13,1.13,0.2,0.08,0.04,0
U01649,40,15,14,14,14,7,4,0,0,71,71,71,2.86,1.07,0.175,0.1,0.0,0
U01650,15,5,4,4,4,3,3,0,0,30,30,30,3.75,1.25,0.2,0.2,0.0,0
U01652,4,2,1,1,1,1,0,0,0,100,100,100,4.0,2.0,0.25,0.0,0.0,0
U01655,11,4,3,3,3,2,2,0,0,58,58,58,3.67,1.33,0.1818,0.1818,0.0,0
U01656,52,16,15,15,15,10,9,1,1,20,20,20,3.47,1.07,0.1923,0.1731,0.0192,0
U01657,25,8,7,7,7,6,3,1,0,88,88,88,3.57,1.14,0.24,0.12,0.04,0
U01658,11,4,3,3,3,3,1,0,0,66,66,66,3.67,1.33,0.2727,0.0909,0.0,0
U01659,77,27,26,26,26,15,7,1,1,49,49,49,2.96,1.04,0.1948,0.0909,0.013,0
U01660,10,4,3,3,3,2,1,0,0,117,117,117,3.33,1.33,0.2,0.1,0.0,0
U01661,4,2,1,1,1,1,0,0,0,24,24,24,4.0,2.0,0.25,0.0,0.0,0
U01662,6,3,2,2,2,1,0,0,0,70,70,70,3.0,1.5,0.1667,0.0,0.0,0
U01664,92,30,29,29,29,18,14,1,0,42,42,42,3.17,1.03,0.1957,0.1522,0.0109,0
U01666,42,13,12,12,12,9,6,1,1,26,26,26,3.5,1.08,0.2143,0.1429,0.0238,0
U01667,38,15,14,14,14,7,1,1,0,83,83,83,2.71,1.07,0.1842,0.0263,0.0263,0
U01669,27,9,8,8,8,5,3,1,1,88,88,88,3.38,1.13,0.1852,0.1111,0.037,0
U01670,23,9,8,8,8,4,2,0,0,64,64,64,2.88,1.13,0.1739,0.087,0.0,0
U01671,151,52,51,51,51,29,17,1,1,30,30,30,2.96,1.02,0.1921,0.1126,0.0066,0
U01672,61,21,20,20,20,14,5,1,0,59,59,59,3.05,1.05,0.2295,0.082,0.0164,0
U01673,7,3,2,2,2,1,1,0,0,107,107,107,3.5,1.5,0.1429,0.1429,0.0,0
U01676,12,4,3,3,3,2,2,1,0,115,115,115,4.0,1.33,0.1667,0.1667,0.0833,0
U01680,28,10,9,9,9,4,3,1,1,13,13,13,3.11,1.11,0.1429,0.1071,0.0357,0
U01682,18,6,5,5,5,4,3,0,0,48,48,48,3.6,1.2,0.2222,0.1667,0.0,0
U01683,93,31,30,30,30,19,11,1,1,48,48,48,3.1,1.03,0.2043,0.1183,0.0108,0
U01684,55,20,19,19,19,8,7,1,0,90,90,90,2.89,1.05,0.1455,0.1273,0.0182,0
U01686,17,6,5,5,5,4,0,1,1,65,65,65,3.4,1.2,0.2353,0.0,0.0588,0
U01688,45,17,16,16,16,7,4,1,0,51,51,51,2.81,1.06,0.1556,0.0889,0.0222,0
U01689,4,2,1,1,1,1,0,0,0,63,63,63,4.0,2.0,0.25,0.0,0.0,0
U01690,58,18,17,17,17,13,9,1,0,52,52,52,3.41,1.06,0.2241,0.1552,0.0172,0
U01691,21,7,6,6,6,6,2,0,0,59,59,59,3.5,1.17,0.2857,0.0952,0.0,0
U01693,14,5,4,4,4,3,2,0,0,13,13,13,3.5,1.25,0.2143,0.1429,0.0,0
U01694,66,21,20,20,20,12,12,1,0,79,79,79,3.3,1.05,0.1818,0.1818,0.0152,0
U01695,43,15,14,14,14,9,3,1,1,17,17,17,3.07,1.07,0.2093,0.0698,0.0233,1
U01696,119,40,39,39,39,23,15,1,1,0,0,0,3.05,1.03,0.1933,0.1261,0.0084,0
U01698,32,12,11,11,11,4,4,1,0,91,91,91,2.91,1.09,0.125,0.125,0.0313,0
U01699,52,19,18,18,18,9,4,1,1,9,9,9,2.89,1.06,0.1731,0.0769,0.0192,1
U01700,6,3,2,2,2,1,0,0,0,74,74,74,3.0,1.5,0.1667,0.0,0.0,0
U01701,43,14,13,13,13,9,6,1,0,100,100,100,3.31,1.08,0.2093,0.1395,0.0233,0
U01702,16,6,5,5,5,4,1,0,0,72,72,72,3.2,1.2,0.25,0.0625,0.0,0
U01703,40,14,13,13,13,7,5,1,0,56,56,56,3.08,1.08,0.175,0.125,0.025,0
U01704,7,3,2,2,2,1,1,0,0,75,75,75,3.5,1.5,0.1429,0.1429,0.0,0
U01706,53,21,20,20,20,8,3,1,0,66,66,66,2.65,1.05,0.1509,0.0566,0.0189,0
U01707,11,5,4,4,4,2,0,0,0,67,67,67,2.75,1.25,0.1818,0.0,0.0,0
U01708,11,4,3,3,3,3,0,1,0,53,53,53,3.67,1.33,0.2727,0.0,0.0909,0
U01709,43,15,14,14,14,7,5,1,1,95,95,95,3.07,1.07,0.1628,0.1163,0.0233,0
U01710,26,9,8,8,8,7,1,1,0,46,46,46,3.25,1.13,0.2692,0.0385,0.0385,0
U01714,64,20,19,19,19,16,7,1,1,33,33,33,3.37,1.05,0.25,0.1094,0.0156,1
U01717,49,19,18,18,18,7,4,1,0,82,82,82,2.72,1.06,0.1429,0.0816,0.0204,0
U01718,14,5,4,4,4,2,2,1,0,46,46,46,3.5,1.25,0.1429,0.1429,0.0714,0
U01721,19,7,6,6,6,5,1,0,0,114,114,114,3.17,1.17,0.2632,0.0526,0.0,0
U01722,13,5,4,4,4,3,1,0,0,62,62,62,3.25,1.25,0.2308,0.0769,0.0,0
U01723,15,6,5,5,5,1,1,1,1,69,69,69,3.0,1.2,0.0667,0.0667,0.0667,0
U01724,62,20,20,19,19,10,10,1,1,14,78,78,3.1,1.0,0.1613,0.1613,0.0161,0
U01726,89,29,28,28,28,19,12,1,0,66,66,66,3.18,1.04,0.2135,0.1348,0.0112,0
U01727,21,8,7,7,7,3,3,0,0,9,9,9,3.0,1.14,0.1429,0.1429,0.0,0
U01730,75,26,25,25,25,14,8,1,1,80,80,80,3.0,1.04,0.1867,0.1067,0.0133,0
U01731,20,6,5,5,5,5,3,1,0,0,0,0,4.0,1.2,0.25,0.15,0.05,0
U01732,8,3,2,2,2,2,1,0,0,21,21,21,4.0,1.5,0.25,0.125,0.0,0
U01734,20,7,6,6,6,4,3,0,0,78,78,78,3.33,1.17,0.2,0.15,0.0,0
U01735,38,13,12,12,12,6,6,1,0,58,58,58,3.17,1.08,0.1579,0.1579,0.0263,0
U01736,71,23,22,22,22,12,12,1,1,51,51,51,3.23,1.05,0.169,0.169,0.0141,0
U01738,6,3,2,2,2,1,0,0,0,51,51,51,3.0,1.5,0.1667,0.0,0.0,0
U01739,136,45,44,44,44,28,17,1,1,15,15,15,3.09,1.02,0.2059,0.125,0.0074,0
U01741,15,5,4,4,4,4,2,0,0,67,67,67,3.75,1.25,0.2667,0.1333,0.0,0
U01742,98,33,32,32,32,19,13,1,0,39,39,39,3.06,1.03,0.1939,0.1327,0.0102,0
U01745,54,18,17,17,17,13,4,1,1,51,51,51,3.18,1.06,0.2407,0.0741,0.0185,0
U01748,7,3,2,2,2,1,1,0,0,37,37,37,3.5,1.5,0.1429,0.1429,0.0,0
U01749,74,23,22,22,22,17,11,1,0,0,0,0,3.36,1.05,0.2297,0.1486,0.0135,0
U01751,49,18,17,17,17,10,3,1,0,27,27,27,2.88,1.06,0.2041,0.0612,0.0204,0
U01752,42,14,13,13,13,9,4,1,1,4,4,4,3.23,1.08,0.2143,0.0952,0.0238,0
U01756,96,32,31,31,31,19,12,1,1,58,58,58,3.1,1.03,0.1979,0.125,0.0104,0
U01757,30,10,10,9,9,6,2,1,1,14,99,99,3.0,1.0,0.2,0.0667,0.0333,0
U01758,56,19,18,18,18,12,5,1,1,28,28,28,3.11,1.06,0.2143,0.0893,0.0179,0
U01759,17,7,6,6,6,4,0,0,0,0,0,0,2.83,1.17,0.2353,0.0,0.0,0
U01760,14,5,4,4,4,3,2,0,0,52,52,52,3.5,1.25,0.2143,0.1429,0.0,0
U01762,11,5,4,4,4,1,1,0,0,0,0,0,2.75,1.25,0.0909,0.0909,0.0,0
U01764,100,33,32,32,32,23,10,1,1,0,0,0,3.13,1.03,0.23,0.1,0.01,0
U01765,49,15,14,14,14,8,10,1,1,17,17,17,3.5,1.07,0.1633,0.2041,0.0204,1
U01767,14,5,4,4,4,3,2,0,0,31,31,31,3.5,1.25,0.2143,0.1429,0.0,0
U01768,36,13,12,12,12,7,3,1,0,30,30,30,3.0,1.08,0.1944,0.0833,0.0278,0
U01769,64,20,19,19,19,13,10,1,1,36,36,36,3.37,1.05,0.2031,0.1563,0.0156,0
U01772,112,37,36,36,36,20,17,1,1,16,16,16,3.11,1.03,0.1786,0.1518,0.0089,0
U01775,8,4,3,3,3,1,0,0,0,76,76,76,2.67,1.33,0.125,0.0,0.0,0
U01776,9,3,2,2,2,2,2,0,0,60,60,60,4.5,1.5,0.2222,0.2222,0.0,0
U01777,54,20,19,19,19,9,5,1,0,78,78,78,2.84,1.05,0.1667,0.0926,0.0185,0
U01778,136,45,44,44,44,27,18,1,1,33,33,33,3.09,1.02,0.1985,0.1324,0.0074,0
U01781,46,15,14,14,14,10,6,1,0,12,12,12,3.29,1.07,0.2174,0.1304,0.0217,0
U01782,36,14,13,13,13,6,1,1,1,11,11,11,2.77,1.08,0.1667,0.0278,0.0278,0
U01783,57,21,20,20,20,9,6,1,0,4,4,4,2.85,1.05,0.1579,0.1053,0.0175,0
U01786,22,8,7,7,7,2,4,1,0,0,0,0,3.14,1.14,0.0909,0.1818,0.0455,0
U01789,118,42,41,41,41,23,11,1,0,34,34,34,2.88,1.02,0.1949,0.0932,0.0085,0
U01790,137,45,44,44,44,27,19,1,1,8,8,8,3.11,1.02,0.1971,0.1387,0.0073,0
U01791,4,2,1,1,1,0,1,0,0,13,13,13,4.0,2.0,0.0,0.25,0.0,0
U01792,119,37,36,36,36,25,19,1,1,19,19,19,3.31,1.03,0.2101,0.1597,0.0084,0
U01795,48,17,17,16,16,5,7,1,1,37,102,102,2.82,1.0,0.1042,0.1458,0.0208,0
U01796,141,46,45,45,45,27,21,1,1,6,6,6,3.13,1.02,0.1915,0.1489,0.0071,0
U01797,6,3,2,2,2,1,0,0,0,111,111,111,3.0,1.5,0.1667,0.0,0.0,0
U01800,102,37,36,36,36,16,11,1,1,7,7,7,2.83,1.03,0.1569,0.1078,0.0098,0
U01802,7,3,2,2,2,0,2,0,0,81,81,81,3.5,1.5,0.0,0.2857,0.0,0
U01803,6,3,2,2,2,1,0,0,0,49,49,49,3.0,1.5,0.1667,0.0,0.0,0
U01804,34,11,10,10,10,7,4,1,1,46,46,46,3.4,1.1,0.2059,0.1176,0.0294,0
U01805,156,51,50,50,50,33,20,1,1,23,23,23,3.12,1.02,0.2115,0.1282,0.0064,0
U01808,30,10,9,9,9,7,4,0,0,109,109,109,3.33,1.11,0.2333,0.1333,0.0,0
U01809,9,3,2,2,2,2,2,0,0,63,63,63,4.5,1.5,0.2222,0.2222,0.0,0
U01810,74,26,25,25,25,14,7,1,1,27,27,27,2.96,1.04,0.1892,0.0946,0.0135,0
U01811,45,17,16,16,16,8,3,1,0,83,83,83,2.81,1.06,0.1778,0.0667,0.0222,0
U01813,20,7,6,6,6,5,2,0,0,113,113,113,3.33,1.17,0.25,0.1,0.0,0
U01814,8,3,2,2,2,2,1,0,0,0,0,0,4.0,1.5,0.25,0.125,0.0,0
U01817,29,11,10,10,10,4,3,1,0,13,13,13,2.9,1.1,0.1379,0.1034,0.0345,0
U01818,23,9,8,8,8,3,2,1,0,0,0,0,2.88,1.13,0.1304,0.087,0.0435,0
U01819,25,8,7,7,7,5,4,1,0,47,47,47,3.57,1.14,0.2,0.16,0.04,0
U01820,55,19,18,18,18,12,4,1,1,11,11,11,3.06,1.06,0.2182,0.0727,0.0182,1
U01821,13,5,4,4,4,2,2,0,0,73,73,73,3.25,1.25,0.1538,0.1538,0.0,0
U01822,18,7,6,6,6,3,2,0,0,32,32,32,3.0,1.17,0.1667,0.1111,0.0,0
U01825,168,57,56,56,56,34,20,1,0,16,16,16,3.0,1.02,0.2024,0.119,0.006,0
U01828,15,5,4,4,4,3,1,1,1,113,113,113,3.75,1.25,0.2,0.0667,0.0667,0
U01829,9,3,2,2,2,2,2,0,0,38,38,38,4.5,1.5,0.2222,0.2222,0.0,0
U01830,53,17,16,16,16,12,7,1,0,64,64,64,3.31,1.06,0.2264,0.1321,0.0189,0
U01831,35,11,10,10,10,8,6,0,0,0,0,0,3.5,1.1,0.2286,0.1714,0.0,0
U01834,54,19,18,18,18,12,4,1,0,18,18,18,3.0,1.06,0.2222,0.0741,0.0185,0
U01836,148,48,47,47,47,33,18,1,1,67,67,67,3.15,1.02,0.223,0.1216,0.0068,0
U01838,9,4,3,3,3,2,0,0,0,102,102,102,3.0,1.33,0.2222,0.0,0.0,0
U01840,62,21,20,20,20,10,10,1,0,16,16,16,3.1,1.05,0.1613,0.1613,0.0161,0
U01841,155,50,49,49,49,34,21,1,0,33,33,33,3.16,1.02,0.2194,0.1355,0.0065,0
U01842,47,16,15,15,15,10,5,1,0,86,86,86,3.13,1.07,0.2128,0.1064,0.0213,0
U01845,32,12,11,11,11,4,3,1,1,8,8,8,2.91,1.09,0.125,0.0938,0.0313,1
U01847,9,4,3,3,3,2,0,0,0,39,39,39,3.0,1.33,0.2222,0.0,0.0,0
U01849,3,2,1,1,1,0,0,0,0,50,50,50,3.0,2.0,0.0,0.0,0.0,0
U01851,54,17,16,16,16,9,11,1,0,99,99,99,3.38,1.06,0.1667,0.2037,0.0185,0
U01852,37,14,13,13,13,6,3,1,0,26,26,26,2.85,1.08,0.1622,0.0811,0.027,0
U01853,34,11,10,10,10,6,5,1,1,11,11,11,3.4,1.1,0.1765,0.1471,0.0294,0
U01855,49,15,14,14,14,12,6,1,1,73,73,73,3.5,1.07,0.2449,0.1224,0.0204,0
U01856,42,14,13,13,13,6,7,1,1,20,20,20,3.23,1.08,0.1429,0.1667,0.0238,0
U01857,19,7,6,6,6,4,2,0,0,61,61,61,3.17,1.17,0.2105,0.1053,0.0,0
U01859,19,7,6,6,6,4,1,1,0,110,110,110,3.17,1.17,0.2105,0.0526,0.0526,0
U01861,38,12,11,11,11,9,5,1,0,95,95,95,3.45,1.09,0.2368,0.1316,0.0263,0
U01863,9,4,3,3,3,1,1,0,0,93,93,93,3.0,1.33,0.1111,0.1111,0.0,0
U01865,43,14,13,13,13,11,4,1,0,0,0,0,3.31,1.08,0.2558,0.093,0.0233,0
U01866,40,13,12,12,12,9,4,1,1,37,37,37,3.33,1.08,0.225,0.1,0.025,0
U01867,26,10,9,9,9,5,0,1,1,39,39,39,2.89,1.11,0.1923,0.0,0.0385,1
U01868,85,30,29,29,29,17,7,1,1,0,0,0,2.93,1.03,0.2,0.0824,0.0118,0
U01874,25,9,8,8,8,5,3,0,0,99,99,99,3.13,1.13,0.2,0.12,0.0,0
U01875,71,24,23,23,23,16,6,1,1,87,87,87,3.09,1.04,0.2254,0.0845,0.0141,0
U01877,7,3,2,2,2,2,0,0,0,97,97,97,3.5,1.5,0.2857,0.0,0.0,0
U01878,50,16,16,15,15,12,4,1,1,81,102,102,3.13,1.0,0.24,0.08,0.02,0
U01879,45,15,15,14,14,6,7,1,1,55,105,105,3.0,1.0,0.1333,0.1556,0.0222,0
U01880,34,11,10,10,10,9,4,0,0,58,58,58,3.4,1.1,0.2647,0.1176,0.0,0
U01882,171,60,59,59,59,33,17,1,1,39,39,39,2.9,1.02,0.193,0.0994,0.0058,0
U01883,98,33,32,32,32,19,12,1,1,68,68,68,3.06,1.03,0.1939,0.1224,0.0102,0
U01894,3,2,1,1,1,0,0,0,0,16,16,16,3.0,2.0,0.0,0.0,0.0,0
U01896,14,5,4,4,4,2,3,0,0,24,24,24,3.5,1.25,0.1429,0.2143,0.0,0
U01897,24,9,8,8,8,3,2,1,1,14,14,14,3.0,1.13,0.125,0.0833,0.0417,0
U01898,8,4,3,3,3,1,0,0,0,1,1,1,2.67,1.33,0.125,0.0,0.0,0
U01899,67,23,22,22,22,13,7,1,1,0,0,0,3.05,1.05,0.194,0.1045,0.0149,0
U01900,39,14,13,13,13,7,4,1,0,52,52,52,3.0,1.08,0.1795,0.1026,0.0256,0
U01901,8,3,2,2,2,2,1,0,0,21,21,21,4.0,1.5,0.25,0.125,0.0,0
U01902,26,8,7,7,7,5,4,1,1,29,29,29,3.71,1.14,0.1923,0.1538,0.0385,0
U01903,87,30,29,29,29,17,9,1,1,0,0,0,3.0,1.03,0.1954,0.1034,0.0115,0
U01904,126,38,37,37,37,29,20,1,1,0,0,0,3.41,1.03,0.2302,0.1587,0.0079,0
U01905,147,52,51,51,51,24,18,1,1,67,67,67,2.88,1.02,0.1633,0.1224,0.0068,0
U01906,30,11,10,10,10,6,3,0,0,0,0,0,3.0,1.1,0.2,0.1,0.0,0
U01907,38,12,12,11,11,7,5,1,1,48,71,71,3.17,1.0,0.1842,0.1316,0.0263,0
U01908,40,14,13,13,13,8,4,1,0,68,68,68,3.08,1.08,0.2,0.1,0.025,0
U01909,77,24,24,23,23,15,12,1,1,27,75,75,3.21,1.0,0.1948,0.1558,0.013,0
U01910,38,14,13,13,13,7,2,1,1,97,97,97,2.92,1.08,0.1842,0.0526,0.0263,0
U01911,96,33,32,32,32,21,8,1,1,71,71,71,3.0,1.03,0.2188,0.0833,0.0104,0
U01912,29,10,9,9,9,6,4,0,0,98,98,98,3.22,1.11,0.2069,0.1379,0.0,0
U01913,41,15,14,14,14,7,4,1,0,40,40,40,2.93,1.07,0.1707,0.0976,0.0244,0
U01916,7,3,2,2,2,1,1,0,0,3,3,3,3.5,1.5,0.1429,0.1429,0.0,0
U01917,40,13,12,12,12,7,6,1,1,27,27,27,3.33,1.08,0.175,0.15,0.025,1
U01918,62,22,21,21,21,13,5,1,0,64,64,64,2.95,1.05,0.2097,0.0806,0.0161,0
U01920,68,21,20,20,20,16,9,1,1,37,37,37,3.4,1.05,0.2353,0.1324,0.0147,0
U01923,27,10,9,9,9,3,3,1,1,97,97,97,3.0,1.11,0.1111,0.1111,0.037,0
U01924,113,36,35,35,35,27,13,1,1,58,58,58,3.23,1.03,0.2389,0.115,0.0088,0
U01925,53,19,19,18,18,8,5,1,1,64,94,94,2.79,1.0,0.1509,0.0943,0.0189,0
U01926,3,2,1,1,1,0,0,0,0,34,34,34,3.0,2.0,0.0,0.0,0.0,0
U01927,40,14,13,13,13,9,4,0,0,71,71,71,3.08,1.08,0.225,0.1,0.0,0
U01930,113,38,37,37,37,24,12,1,1,0,0,0,3.05,1.03,0.2124,0.1062,0.0088,0
U01931,96,32,31,31,31,20,11,1,1,0,0,0,3.1,1.03,0.2083,0.1146,0.0104,0
U01932,15,5,4,4,4,3,2,1,0,76,76,76,3.75,1.25,0.2,0.1333,0.0667,0
U01933,45,15,14,14,14,10,4,1,1,11,11,11,3.21,1.07,0.2222,0.0889,0.0222,1
U01934,96,32,31,31,31,20,11,1,1,25,25,25,3.1,1.03,0.2083,0.1146,0.0104,0
U01935,150,49,48,48,48,30,21,1,1,28,28,28,3.13,1.02,0.2,0.14,0.0067,0
U01937,98,33,32,32,32,19,12,1,1,24,24,24,3.06,1.03,0.1939,0.1224,0.0102,0
U01938,4,2,1,1,1,0,1,0,0,59,59,59,4.0,2.0,0.0,0.25,0.0,0
U01942,17,6,5,5,5,3,2,1,0,43,43,43,3.4,1.2,0.1765,0.1176,0.0588,0
U01943,105,36,35,35,35,21,12,1,0,0,0,0,3.0,1.03,0.2,0.1143,0.0095,0
U01947,9,4,3,3,3,2,0,0,0,30,30,30,3.0,1.33,0.2222,0.0,0.0,0
U01948,31,10,9,9,9,6,5,1,0,23,23,23,3.44,1.11,0.1935,0.1613,0.0323,0
U01949,31,10,9,9,9,6,5,1,0,34,34,34,3.44,1.11,0.1935,0.1613,0.0323,0
U01950,13,5,4,4,4,3,1,0,0,6,6,6,3.25,1.25,0.2308,0.0769,0.0,0
U01951,4,2,1,1,1,1,0,0,0,30,30,30,4.0,2.0,0.25,0.0,0.0,0
U01954,61,20,19,19,19,12,9,1,0,72,72,72,3.21,1.05,0.1967,0.1475,0.0164,0
U01956,11,4,3,3,3,1,3,0,0,15,15,15,3.67,1.33,0.0909,0.2727,0.0,0
U01957,31,11,10,10,10,5,3,1,1,31,31,31,3.1,1.1,0.1613,0.0968,0.0323,0
U01958,15,6,5,5,5,3,1,0,0,10,10,10,3.0,1.2,0.2,0.0667,0.0,0
U01959,24,9,8,8,8,4,2,1,0,5,5,5,3.0,1.13,0.1667,0.0833,0.0417,0
U01960,40,14,13,13,13,8,3,1,1,90,90,90,3.08,1.08,0.2,0.075,0.025,0
U01961,45,15,14,14,14,9,5,1,1,0,0,0,3.21,1.07,0.2,0.1111,0.0222,0
U01962,35,13,12,12,12,4,4,1,1,42,42,42,2.92,1.08,0.1143,0.1143,0.0286,0
U01965,36,12,11,11,11,8,4,1,0,9,9,9,3.27,1.09,0.2222,0.1111,0.0278,0
U01968,65,21,20,20,20,15,8,1,0,86,86,86,3.25,1.05,0.2308,0.1231,0.0154,0
U01969,21,7,6,6,6,6,2,0,0,39,39,39,3.5,1.17,0.2857,0.0952,0.0,0
U01970,33,12,11,11,11,6,3,1,0,61,61,61,3.0,1.09,0.1818,0.0909,0.0303,0
U01972,26,9,8,8,8,4,3,1,1,29,29,29,3.25,1.13,0.1538,0.1154,0.0385,1
U01973,56,19,18,18,18,9,8,1,1,43,43,43,3.11,1.06,0.1607,0.1429,0.0179,0
U01974,5,2,1,1,1,1,1,0,0,85,85,85,5.0,2.0,0.2,0.2,0.0,0
U01976,11,4,3,3,3,3,1,0,0,0,0,0,3.67,1.33,0.2727,0.0909,0.0,0
U01977,39,15,14,14,14,5,4,1,0,26,26,26,2.79,1.07,0.1282,0.1026,0.0256,0
U01978,4,2,1,1,1,1,0,0,0,23,23,23,4.0,2.0,0.25,0.0,0.0,0
U01980,10,4,3,3,3,1,0,1,1,0,0,0,3.33,1.33,0.1,0.0,0.1,0
U01981,26,9,9,8,8,4,2,1,1,44,72,72,2.89,1.0,0.1538,0.0769,0.0385,0
U01982,29,11,10,10,10,5,1,1,1,0,0,0,2.9,1.1,0.1724,0.0345,0.0345,0
U01983,14,5,4,4,4,3,1,1,0,55,55,55,3.5,1.25,0.2143,0.0714,0.0714,0
U01984,42,14,13,13,13,8,6,1,0,28,28,28,3.23,1.08,0.1905,0.1429,0.0238,0
U01988,12,5,4,4,4,2,0,1,0,82,82,82,3.0,1.25,0.1667,0.0,0.0833,0
U01990,41,13,12,12,12,11,4,1,0,0,0,0,3.42,1.08,0.2683,0.0976,0.0244,0
U01991,3,2,1,1,1,0,0,0,0,107,107,107,3.0,2.0,0.0,0.0,0.0,0
U01992,25,9,8,8,8,4,4,0,0,15,15,15,3.13,1.13,0.16,0.16,0.0,0
U01993,38,14,13,13,13,5,6,0,0,7,7,7,2.92,1.08,0.1316,0.1579,0.0,0
U01995,12,4,3,3,3,2,2,1,0,95,95,95,4.0,1.33,0.1667,0.1667,0.0833,0
U01996,19,7,6,6,6,5,1,0,0,113,113,113,3.17,1.17,0.2632,0.0526,0.0,0
U01997,4,2,1,1,1,0,1,0,0,1,1,1,4.0,2.0,0.0,0.25,0.0,0
U01998,10,4,3,3,3,2,1,0,0,63,63,63,3.33,1.33,0.2,0.1,0.0,0
U02000,42,14,13,13,13,5,9,1,0,21,21,21,3.23,1.08,0.119,0.2143,0.0238,0
U02001,23,8,7,7,7,3,4,1,0,80,80,80,3.29,1.14,0.1304,0.1739,0.0435,0
U02004,15,5,4,4,4,4,2,0,0,47,47,47,3.75,1.25,0.2667,0.1333,0.0,0
U02005,5,3,2,2,2,0,0,0,0,114,114,114,2.5,1.5,0.0,0.0,0.0,0
U02006,15,6,5,5,5,2,2,0,0,0,0,0,3.0,1.2,0.1333,0.1333,0.0,0
U02007,13,5,4,4,4,3,0,1,0,16,16,16,3.25,1.25,0.2308,0.0,0.0769,0
U02008,52,18,17,17,17,10,6,1,0,7,7,7,3.06,1.06,0.1923,0.1154,0.0192,0
U02009,24,8,7,7,7,5,3,1,0,44,44,44,3.43,1.14,0.2083,0.125,0.0417,0
U02010,23,8,7,7,7,6,2,0,0,29,29,29,3.29,1.14,0.2609,0.087,0.0,0
U02012,8,4,3,3,3,1,0,0,0,114,114,114,2.67,1.33,0.125,0.0,0.0,0
U02013,102,36,35,35,35,18,11,1,1,0,0,0,2.91,1.03,0.1765,0.1078,0.0098,1
U02016,23,9,8,8,8,2,3,1,0,79,79,79,2.88,1.13,0.087,0.1304,0.0435,0
U02018,46,15,14,14,14,10,6,1,0,76,76,76,3.29,1.07,0.2174,0.1304,0.0217,0
U02021,20,8,7,7,7,2,1,1,1,0,0,0,2.86,1.14,0.1,0.05,0.05,0
U02022,136,44,43,43,43,28,19,1,1,36,36,36,3.16,1.02,0.2059,0.1397,0.0074,0
U02024,44,16,15,15,15,9,3,1,0,105,105,105,2.93,1.07,0.2045,0.0682,0.0227,0
U02026,22,8,7,7,7,4,2,1,0,111,111,111,3.14,1.14,0.1818,0.0909,0.0455,0
U02027,7,3,2,2,2,2,0,0,0,14,14,14,3.5,1.5,0.2857,0.0,0.0,0
U02028,47,16,15,15,15,11,3,1,1,40,40,40,3.13,1.07,0.234,0.0638,0.0213,0
U02029,18,7,6,6,6,3,2,0,0,96,96,96,3.0,1.17,0.1667,0.1111,0.0,0
U02033,27,10,9,9,9,4,3,1,0,11,11,11,3.0,1.11,0.1481,0.1111,0.037,0
U02034,108,39,38,38,38,22,7,1,1,65,65,65,2.84,1.03,0.2037,0.0648,0.0093,0
U02037,38,13,12,12,12,8,4,1,0,34,34,34,3.17,1.08,0.2105,0.1053,0.0263,0
U02038,143,49,48,48,48,25,19,1,1,21,21,21,2.98,1.02,0.1748,0.1329,0.007,0
U02039,20,8,7,7,7,3,1,1,0,0,0,0,2.86,1.14,0.15,0.05,0.05,0
U02042,142,49,48,48,48,28,15,1,1,12,12,12,2.96,1.02,0.1972,0.1056,0.007,0
U02043,55,20,19,19,19,11,4,1,0,39,39,39,2.89,1.05,0.2,0.0727,0.0182,0
U02044,29,10,9,9,9,4,5,1,0,0,0,0,3.22,1.11,0.1379,0.1724,0.0345,0
U02045,64,23,22,22,22,11,7,1,0,36,36,36,2.91,1.05,0.1719,0.1094,0.0156,0
U02046,86,29,28,28,28,18,10,1,0,0,0,0,3.07,1.04,0.2093,0.1163,0.0116,0
U02047,62,21,20,20,20,12,8,1,0,100,100,100,3.1,1.05,0.1935,0.129,0.0161,0
U02050,7,3,2,2,2,1,1,0,0,10,10,10,3.5,1.5,0.1429,0.1429,0.0,0
U02052,33,11,10,10,10,7,4,1,0,76,76,76,3.3,1.1,0.2121,0.1212,0.0303,0
U02054,18,6,5,5,5,3,4,0,0,30,30,30,3.6,1.2,0.1667,0.2222,0.0,0
U02056,23,9,8,8,8,3,3,0,0,5,5,5,2.88,1.13,0.1304,0.1304,0.0,0
U02061,8,3,2,2,2,1,2,0,0,25,25,25,4.0,1.5,0.125,0.25,0.0,0
U02063,36,13,12,12,12,5,5,1,0,7,7,7,3.0,1.08,0.1389,0.1389,0.0278,0
U02065,14,6,5,5,5,1,1,1,0,0,0,0,2.8,1.2,0.0714,0.0714,0.0714,0
U02067,25,8,7,7,7,6,3,1,0,15,15,15,3.57,1.14,0.24,0.12,0.04,0
U02068,10,4,3,3,3,3,0,0,0,114,114,114,3.33,1.33,0.3,0.0,0.0,0
U02069,115,38,37,37,37,26,12,1,1,43,43,43,3.11,1.03,0.2261,0.1043,0.0087,0
U02070,23,8,7,7,7,4,2,1,1,3,3,3,3.29,1.14,0.1739,0.087,0.0435,0
U02071,33,12,11,11,11,5,4,1,0,64,64,64,3.0,1.09,0.1515,0.1212,0.0303,0
U02072,31,10,9,9,9,7,5,0,0,86,86,86,3.44,1.11,0.2258,0.1613,0.0,0
U02074,147,52,51,51,51,29,13,1,1,35,35,35,2.88,1.02,0.1973,0.0884,0.0068,0
U02075,16,6,5,5,5,3,2,0,0,73,73,73,3.2,1.2,0.1875,0.125,0.0,0
U02077,12,4,3,3,3,3,2,0,0,43,43,43,4.0,1.33,0.25,0.1667,0.0,0
U02081,30,10,9,9,9,7,2,1,1,50,50,50,3.33,1.11,0.2333,0.0667,0.0333,0
U02082,46,15,14,14,14,11,5,1,0,34,34,34,3.29,1.07,0.2391,0.1087,0.0217,0
U02084,8,3,2,2,2,2,1,0,0,48,48,48,4.0,1.5,0.25,0.125,0.0,0
U02085,60,19,18,18,18,11,11,1,0,75,75,75,3.33,1.06,0.1833,0.1833,0.0167,0
U02090,9,4,3,3,3,2,0,0,0,98,98,98,3.0,1.33,0.2222,0.0,0.0,0
U02092,52,19,18,18,18,8,5,1,1,13,13,13,2.89,1.06,0.1538,0.0962,0.0192,0
U02095,153,49,48,48,48,34,21,1,0,43,43,43,3.19,1.02,0.2222,0.1373,0.0065,0
U02096,8,4,3,3,3,0,1,0,0,95,95,95,2.67,1.33,0.0,0.125,0.0,0
U02098,35,12,11,11,11,8,2,1,1,31,31,31,3.18,1.09,0.2286,0.0571,0.0286,0
U02101,33,12,11,11,11,7,2,1,0,99,99,99,3.0,1.09,0.2121,0.0606,0.0303,0
U02103,158,54,53,53,53,31,18,1,1,23,23,23,2.98,1.02,0.1962,0.1139,0.0063,0
U02104,19,7,6,6,6,3,2,1,0,105,105,105,3.17,1.17,0.1579,0.1053,0.0526,0
U02107,62,20,20,19,19,15,5,1,1,64,97,97,3.1,1.0,0.2419,0.0806,0.0161,0
U02108,129,44,43,43,43,25,16,1,0,6,6,6,3.0,1.02,0.1938,0.124,0.0078,0
U02109,165,56,55,55,55,36,17,1,0,50,50,50,3.0,1.02,0.2182,0.103,0.0061,0
U02112,48,16,15,15,15,12,4,1,0,87,87,87,3.2,1.07,0.25,0.0833,0.0208,0
U02113,11,4,3,3,3,3,1,0,0,77,77,77,3.67,1.33,0.2727,0.0909,0.0,0
U02116,20,7,7,6,6,4,0,1,1,30,95,95,2.86,1.0,0.2,0.0,0.05,0
U02117,64,23,22,22,22,10,7,1,1,0,0,0,2.91,1.05,0.1563,0.1094,0.0156,0
U02118,45,16,15,15,15,11,3,0,0,11,11,11,3.0,1.07,0.2444,0.0667,0.0,0
U02120,9,4,3,3,3,1,1,0,0,25,25,25,3.0,1.33,0.1111,0.1111,0.0,0
U02121,63,21,20,20,20,14,7,1,0,75,75,75,3.15,1.05,0.2222,0.1111,0.0159,0
U02122,30,10,9,9,9,7,3,1,0,21,21,21,3.33,1.11,0.2333,0.1,0.0333,0
U02123,37,14,13,13,13,5,3,1,1,17,17,17,2.85,1.08,0.1351,0.0811,0.027,1
U02124,15,6,5,5,5,2,1,1,0,0,0,0,3.0,1.2,0.1333,0.0667,0.0667,0
U02127,20,7,6,6,6,3,4,0,0,14,14,14,3.33,1.17,0.15,0.2,0.0,0
U02128,8,4,3,3,3,1,0,0,0,24,24,24,2.67,1.33,0.125,0.0,0.0,0
U02129,27,10,9,9,9,3,4,1,0,35,35,35,3.0,1.11,0.1111,0.1481,0.037,0
U02130,35,12,11,11,11,6,4,1,1,0,0,0,3.18,1.09,0.1714,0.1143,0.0286,0
U02132,72,24,23,23,23,16,7,1,1,41,41,41,3.13,1.04,0.2222,0.0972,0.0139,0
U02133,19,6,5,5,5,5,3,0,0,13,13,13,3.8,1.2,0.2632,0.1579,0.0,0
U02134,7,3,2,2,2,1,1,0,0,7,7,7,3.5,1.5,0.1429,0.1429,0.0,0
U02136,4,2,1,1,1,1,0,0,0,28,28,28,4.0,2.0,0.25,0.0,0.0,0
U02137,7,3,2,2,2,2,0,0,0,104,104,104,3.5,1.5,0.2857,0.0,0.0,0
U02138,24,10,9,9,9,4,0,1,0,76,76,76,2.67,1.11,0.1667,0.0,0.0417,0
U02139,3,2,1,1,1,0,0,0,0,52,52,52,3.0,2.0,0.0,0.0,0.0,0
U02141,8,3,2,2,2,1,2,0,0,42,42,42,4.0,1.5,0.125,0.25,0.0,0
U02142,50,17,16,16,16,10,5,1,1,41,41,41,3.13,1.06,0.2,0.1,0.02,0
U02144,33,11,10,10,10,5,5,1,1,0,0,0,3.3,1.1,0.1515,0.1515,0.0303,0
U02145,20,7,6,6,6,3,3,1,0,91,91,91,3.33,1.17,0.15,0.15,0.05,0
U02146,27,10,9,9,9,6,1,1,0,85,85,85,3.0,1.11,0.2222,0.037,0.037,0
U02147,33,12,11,11,11,7,2,1,0,104,104,104,3.0,1.09,0.2121,0.0606,0.0303,0
U02149,63,21,20,20,20,12,9,1,0,92,92,92,3.15,1.05,0.1905,0.1429,0.0159,0
U02150,35,13,12,12,12,6,4,0,0,67,67,67,2.92,1.08,0.1714,0.1143,0.0,0
U02151,55,20,19,19,19,11,4,1,0,81,81,81,2.89,1.05,0.2,0.0727,0.0182,0
U02152,51,19,18,18,18,10,3,1,0,78,78,78,2.83,1.06,0.1961,0.0588,0.0196,0
U02153,57,21,20,20,20,11,4,1,0,65,65,65,2.85,1.05,0.193,0.0702,0.0175,0
U02154,35,12,11,11,11,6,6,0,0,0,0,0,3.18,1.09,0.1714,0.1714,0.0,0
U02155,31,11,10,10,10,6,3,1,0,5,5,5,3.1,1.1,0.1935,0.0968,0.0323,0
U02158,16,6,5,5,5,3,2,0,0,105,105,105,3.2,1.2,0.1875,0.125,0.0,0
U02159,20,6,5,5,5,5,3,1,0,69,69,69,4.0,1.2,0.25,0.15,0.05,0
U02160,134,45,44,44,44,29,14,1,1,0,0,0,3.05,1.02,0.2164,0.1045,0.0075,0
U02161,133,45,44,44,44,26,16,1,1,6,6,6,3.02,1.02,0.1955,0.1203,0.0075,1
U02162,108,37,36,36,36,22,12,1,0,0,0,0,3.0,1.03,0.2037,0.1111,0.0093,0
U02163,12,4,3,3,3,3,2,0,0,26,26,26,4.0,1.33,0.25,0.1667,0.0,0
U02166,39,13,12,12,12,8,6,0,0,24,24,24,3.25,1.08,0.2051,0.1538,0.0,0
U02170,31,10,9,9,9,8,4,0,0,0,0,0,3.44,1.11,0.2581,0.129,0.0,0
U02173,47,17,16,16,16,7,6,1,0,104,104,104,2.94,1.06,0.1489,0.1277,0.0213,0
U02176,14,5,4,4,4,3,2,0,0,84,84,84,3.5,1.25,0.2143,0.1429,0.0,0
U02178,25,9,8,8,8,4,4,0,0,63,63,63,3.13,1.13,0.16,0.16,0.0,0
U02180,23,9,8,8,8,4,2,0,0,2,2,2,2.88,1.13,0.1739,0.087,0.0,0
U02181,79,26,25,25,25,19,7,1,1,31,31,31,3.16,1.04,0.2405,0.0886,0.0127,0
U02182,17,6,5,5,5,3,3,0,0,21,21,21,3.4,1.2,0.1765,0.1765,0.0,0
U02183,19,6,5,5,5,5,2,1,0,62,62,62,3.8,1.2,0.2632,0.1053,0.0526,0
U02185,7,3,2,2,2,1,1,0,0,6,6,6,3.5,1.5,0.1429,0.1429,0.0,0
U02186,26,8,7,7,7,5,5,1,0,0,0,0,3.71,1.14,0.1923,0.1923,0.0385,0
U02187,128,44,43,43,43,22,17,1,1,59,59,59,2.98,1.02,0.1719,0.1328,0.0078,0
U02188,7,3,2,2,2,1,1,0,0,64,64,64,3.5,1.5,0.1429,0.1429,0.0,0
U02189,41,15,14,14,14,9,2,1,0,3,3,3,2.93,1.07,0.2195,0.0488,0.0244,0
U02194,42,13,12,12,12,11,4,1,1,33,33,33,3.5,1.08,0.2619,0.0952,0.0238,0
U02195,55,21,20,20,20,8,5,1,0,55,55,55,2.75,1.05,0.1455,0.0909,0.0182,0
U02196,23,8,7,7,7,6,1,1,0,23,23,23,3.29,1.14,0.2609,0.0435,0.0435,0
U02197,60,21,20,20,20,13,5,1,0,78,78,78,3.0,1.05,0.2167,0.0833,0.0167,0
U02198,83,32,31,31,31,11,8,1,0,0,0,0,2.68,1.03,0.1325,0.0964,0.012,0
U02200,78,28,27,27,27,14,7,1,1,79,79,79,2.89,1.04,0.1795,0.0897,0.0128,0
U02201,7,3,2,2,2,2,0,0,0,76,76,76,3.5,1.5,0.2857,0.0,0.0,0
U02202,21,8,7,7,7,4,2,0,0,29,29,29,3.0,1.14,0.1905,0.0952,0.0,0
U02203,31,11,10,10,10,6,3,1,0,102,102,102,3.1,1.1,0.1935,0.0968,0.0323,0
U02206,89,30,29,29,29,20,9,1,0,74,74,74,3.07,1.03,0.2247,0.1011,0.0112,0
U02207,44,15,14,14,14,8,5,1,1,100,100,100,3.14,1.07,0.1818,0.1136,0.0227,0
U02208,5,3,2,2,2,0,0,0,0,90,90,90,2.5,1.5,0.0,0.0,0.0,0
U02209,10,4,3,3,3,3,0,0,0,73,73,73,3.33,1.33,0.3,0.0,0.0,0
U02212,128,45,44,44,44,24,13,1,1,17,17,17,2.91,1.02,0.1875,0.1016,0.0078,0
U02213,28,10,9,9,9,7,1,1,0,44,44,44,3.11,1.11,0.25,0.0357,0.0357,0
U02215,44,16,15,15,15,11,2,0,0,44,44,44,2.93,1.07,0.25,0.0455,0.0,0
U02216,31,11,10,10,10,6,3,1,0,13,13,13,3.1,1.1,0.1935,0.0968,0.0323,0
U02217,66,21,21,20,20,14,8,1,1,42,60,60,3.14,1.0,0.2121,0.1212,0.0152,0
U02218,42,15,14,14,14,10,1,1,1,6,6,6,3.0,1.07,0.2381,0.0238,0.0238,0
U02220,7,3,2,2,2,2,0,0,0,73,73,73,3.5,1.5,0.2857,0.0,0.0,0
U02222,48,17,16,16,16,11,2,1,1,3,3,3,3.0,1.06,0.2292,0.0417,0.0208,0
U02224,43,15,14,14,14,8,4,1,1,74,74,74,3.07,1.07,0.186,0.093,0.0233,0
U02227,33,12,11,11,11,7,2,1,0,0,0,0,3.0,1.09,0.2121,0.0606,0.0303,0
U02228,75,25,24,24,24,13,12,1,0,52,52,52,3.13,1.04,0.1733,0.16,0.0133,0
U02229,53,18,17,17,17,8,8,1,1,0,0,0,3.12,1.06,0.1509,0.1509,0.0189,0
U02234,50,17,16,16,16,10,5,1,1,39,39,39,3.13,1.06,0.2,0.1,0.02,0
U02235,60,21,20,20,20,13,4,1,1,0,0,0,3.0,1.05,0.2167,0.0667,0.0167,0
U02236,18,8,7,7,7,2,1,0,0,0,0,0,2.57,1.14,0.1111,0.0556,0.0,0
U02239,16,6,5,5,5,3,2,0,0,70,70,70,3.2,1.2,0.1875,0.125,0.0,0
U02240,46,16,15,15,15,10,4,1,0,105,105,105,3.07,1.07,0.2174,0.087,0.0217,0
U02241,11,5,4,4,4,2,0,0,0,50,50,50,2.75,1.25,0.1818,0.0,0.0,0
U02244,49,19,18,18,18,10,2,0,0,0,0,0,2.72,1.06,0.2041,0.0408,0.0,0
U02246,13,4,3,3,3,3,2,1,0,10,10,10,4.33,1.33,0.2308,0.1538,0.0769,0
U02247,54,19,18,18,18,8,7,1,1,53,53,53,3.0,1.06,0.1481,0.1296,0.0185,0
U02248,57,20,19,19,19,7,10,1,0,29,29,29,3.0,1.05,0.1228,0.1754,0.0175,0
U02249,46,17,16,16,16,8,3,1,1,40,40,40,2.88,1.06,0.1739,0.0652,0.0217,0
U02251,45,15,14,14,14,11,4,1,0,0,0,0,3.21,1.07,0.2444,0.0889,0.0222,0
U02252,27,10,9,9,9,5,1,1,1,85,85,85,3.0,1.11,0.1852,0.037,0.037,0
U02253,62,21,21,20,20,12,6,1,1,10,39,39,2.95,1.0,0.1935,0.0968,0.0161,0
U02255,10,4,3,3,3,2,1,0,0,28,28,28,3.33,1.33,0.2,0.1,0.0,0
U02256,6,3,2,2,2,0,1,0,0,16,16,16,3.0,1.5,0.0,0.1667,0.0,0
U02257,9,4,3,3,3,2,0,0,0,45,45,45,3.0,1.33,0.2222,0.0,0.0,0
U02258,35,12,11,11,11,7,5,0,0,57,57,57,3.18,1.09,0.2,0.1429,0.0,0
U02259,36,13,12,12,12,7,3,1,0,69,69,69,3.0,1.08,0.1944,0.0833,0.0278,0
U02261,36,12,11,11,11,8,4,1,0,76,76,76,3.27,1.09,0.2222,0.1111,0.0278,0
U02262,18,6,5,5,5,2,3,1,1,0,0,0,3.6,1.2,0.1111,0.1667,0.0556,0
U02263,27,9,8,8,8,7,2,1,0,72,72,72,3.38,1.13,0.2593,0.0741,0.037,0
U02264,39,13,12,12,12,7,5,1,1,41,41,41,3.25,1.08,0.1795,0.1282,0.0256,0
U02265,50,18,17,17,17,11,2,1,1,14,14,14,2.94,1.06,0.22,0.04,0.02,0
U02270,34,11,10,10,10,8,3,1,1,25,25,25,3.4,1.1,0.2353,0.0882,0.0294,0
U02271,14,5,4,4,4,3,2,0,0,101,101,101,3.5,1.25,0.2143,0.1429,0.0,0
U02272,41,15,14,14,14,7,4,1,0,1,1,1,2.93,1.07,0.1707,0.0976,0.0244,0
U02273,11,4,3,3,3,3,1,0,0,66,66,66,3.67,1.33,0.2727,0.0909,0.0,0
U02274,16,6,5,5,5,2,1,1,1,0,0,0,3.2,1.2,0.125,0.0625,0.0625,0
U02275,23,8,8,7,7,4,1,1,1,31,61,61,2.88,1.0,0.1739,0.0435,0.0435,0
U02276,41,15,14,14,14,5,5,1,1,77,77,77,2.93,1.07,0.122,0.122,0.0244,0
U02278,35,12,11,11,11,5,6,1,0,59,59,59,3.18,1.09,0.1429,0.1714,0.0286,0
U02279,51,18,17,17,17,8,6,1,1,61,61,61,3.0,1.06,0.1569,0.1176,0.0196,0
U02284,21,7,6,6,6,5,2,1,0,63,63,63,3.5,1.17,0.2381,0.0952,0.0476,0
U02288,33,11,10,10,10,7,3,1,1,26,26,26,3.3,1.1,0.2121,0.0909,0.0303,0
U02289,15,7,6,6,6,1,1,0,0,100,100,100,2.5,1.17,0.0667,0.0667,0.0,0
U02292,12,5,4,4,4,2,1,0,0,2,2,2,3.0,1.25,0.1667,0.0833,0.0,0
U02294,76,27,26,26,26,14,8,1,0,67,67,67,2.92,1.04,0.1842,0.1053,0.0132,0
U02295,35,12,11,11,11,6,5,1,0,43,43,43,3.18,1.09,0.1714,0.1429,0.0286,0
U02297,48,15,15,14,14,10,6,1,1,1,53,53,3.2,1.0,0.2083,0.125,0.0208,0
U02298,28,11,10,10,10,4,2,1,0,67,67,67,2.8,1.1,0.1429,0.0714,0.0357,0
U02299,19,6,5,5,5,5,3,0,0,7,7,7,3.8,1.2,0.2632,0.1579,0.0,0
U02301,144,49,48,48,48,30,15,1,1,56,56,56,3.0,1.02,0.2083,0.1042,0.0069,0
U02305,55,16,15,15,15,11,11,1,1,26,26,26,3.67,1.07,0.2,0.2,0.0182,0
U02307,28,10,9,9,9,4,3,1,1,51,51,51,3.11,1.11,0.1429,0.1071,0.0357,1
U02308,18,7,6,6,6,3,2,0,0,61,61,61,3.0,1.17,0.1667,0.1111,0.0,0
U02309,46,16,15,15,15,9,5,1,0,0,0,0,3.07,1.07,0.1957,0.1087,0.0217,0
U02310,44,16,15,15,15,10,2,1,0,28,28,28,2.93,1.07,0.2273,0.0455,0.0227,0
U02311,31,11,10,10,10,6,4,0,0,8,8,8,3.1,1.1,0.1935,0.129,0.0,0
U02312,92,32,31,31,31,19,8,1,1,36,36,36,2.97,1.03,0.2065,0.087,0.0109,0
U02313,47,17,16,16,16,7,5,1,1,80,80,80,2.94,1.06,0.1489,0.1064,0.0213,0
U02314,5,2,1,1,1,1,1,0,0,74,74,74,5.0,2.0,0.2,0.2,0.0,0
U02318,44,16,15,15,15,4,7,1,1,64,64,64,2.93,1.07,0.0909,0.1591,0.0227,0
U02319,34,12,11,11,11,6,3,1,1,22,22,22,3.09,1.09,0.1765,0.0882,0.0294,0
U02321,164,57,56,56,56,32,18,1,0,9,9,9,2.93,1.02,0.1951,0.1098,0.0061,0
U02322,23,8,8,7,7,4,1,1,1,24,80,80,2.88,1.0,0.1739,0.0435,0.0435,0
U02323,38,13,12,12,12,7,4,1,1,88,88,88,3.17,1.08,0.1842,0.1053,0.0263,0
U02324,27,10,9,9,9,5,1,1,1,58,58,58,3.0,1.11,0.1852,0.037,0.037,0
U02325,93,32,31,31,31,19,9,1,1,37,37,37,3.0,1.03,0.2043,0.0968,0.0108,0
U02326,41,14,13,13,13,9,4,1,0,51,51,51,3.15,1.08,0.2195,0.0976,0.0244,0
U02327,13,5,4,4,4,2,2,0,0,44,44,44,3.25,1.25,0.1538,0.1538,0.0,0
U02328,67,22,21,21,21,16,7,1,0,13,13,13,3.19,1.05,0.2388,0.1045,0.0149,0
U02329,59,21,20,20,20,13,3,1,1,33,33,33,2.95,1.05,0.2203,0.0508,0.0169,0
U02331,43,15,14,14,14,9,3,1,1,43,43,43,3.07,1.07,0.2093,0.0698,0.0233,1
U02332,31,10,9,9,9,5,6,1,0,52,52,52,3.44,1.11,0.1613,0.1935,0.0323,0
U02333,117,39,38,38,38,28,10,1,1,17,17,17,3.08,1.03,0.2393,0.0855,0.0085,1
U02334,86,31,30,30,30,17,7,1,0,25,25,25,2.87,1.03,0.1977,0.0814,0.0116,0
U02335,144,49,48,48,48,30,16,1,0,0,0,0,3.0,1.02,0.2083,0.1111,0.0069,0
U02338,28,9,8,8,8,6,4,1,0,0,0,0,3.5,1.13,0.2143,0.1429,0.0357,0
U02342,4,2,1,1,1,1,0,0,0,78,78,78,4.0,2.0,0.25,0.0,0.0,0
U02343,19,7,6,6,6,4,2,0,0,110,110,110,3.17,1.17,0.2105,0.1053,0.0,0
U02345,123,44,43,43,43,22,12,1,1,74,74,74,2.86,1.02,0.1789,0.0976,0.0081,0
U02346,12,5,4,4,4,2,0,1,0,0,0,0,3.0,1.25,0.1667,0.0,0.0833,0
U02347,180,57,56,56,56,40,26,1,0,12,12,12,3.21,1.02,0.2222,0.1444,0.0056,0
U02348,101,34,33,33,33,22,11,1,0,67,67,67,3.06,1.03,0.2178,0.1089,0.0099,0
U02350,84,26,25,25,25,20,11,1,1,69,69,69,3.36,1.04,0.2381,0.131,0.0119,0
U02351,44,14,13,13,13,10,5,1,1,43,43,43,3.38,1.08,0.2273,0.1136,0.0227,1
U02352,148,49,48,48,48,32,17,1,1,10,10,10,3.08,1.02,0.2162,0.1149,0.0068,0
U02353,128,43,42,42,42,23,19,1,0,9,9,9,3.05,1.02,0.1797,0.1484,0.0078,0
U02354,4,2,1,1,1,0,1,0,0,78,78,78,4.0,2.0,0.0,0.25,0.0,0
U02355,69,22,21,21,21,15,9,1,1,0,0,0,3.29,1.05,0.2174,0.1304,0.0145,0
U02356,40,14,13,13,13,9,2,1,1,4,4,4,3.08,1.08,0.225,0.05,0.025,0
U02358,55,19,18,18,18,10,7,1,0,57,57,57,3.06,1.06,0.1818,0.1273,0.0182,0
U02360,112,38,37,37,37,20,15,1,1,9,9,9,3.03,1.03,0.1786,0.1339,0.0089,0
U02362,31,11,10,10,10,6,3,1,0,0,0,0,3.1,1.1,0.1935,0.0968,0.0323,0
U02363,37,12,11,11,11,8,5,1,0,54,54,54,3.36,1.09,0.2162,0.1351,0.027,0
U02364,8,3,2,2,2,2,1,0,0,98,98,98,4.0,1.5,0.25,0.125,0.0,0
U02365,8,3,2,2,2,1,2,0,0,50,50,50,4.0,1.5,0.125,0.25,0.0,0
U02367,14,5,4,4,4,4,1,0,0,6,6,6,3.5,1.25,0.2857,0.0714,0.0,0
U02369,43,14,13,13,13,8,6,1,1,24,24,24,3.31,1.08,0.186,0.1395,0.0233,1
U02370,40,14,13,13,13,7,5,1,0,35,35,35,3.08,1.08,0.175,0.125,0.025,0
U02371,4,2,1,1,1,0,1,0,0,41,41,41,4.0,2.0,0.0,0.25,0.0,0
U02373,59,21,20,20,20,12,4,1,1,12,12,12,2.95,1.05,0.2034,0.0678,0.0169,0
U02374,79,26,25,25,25,17,9,1,1,81,81,81,3.16,1.04,0.2152,0.1139,0.0127,0
U02375,25,8,7,7,7,3,5,1,1,113,113,113,3.57,1.14,0.12,0.2,0.04,0
U02377,12,5,4,4,4,2,1,0,0,61,61,61,3.0,1.25,0.1667,0.0833,0.0,0
U02379,3,2,1,1,1,0,0,0,0,82,82,82,3.0,2.0,0.0,0.0,0.0,0
U02380,51,17,16,16,16,12,5,1,0,73,73,73,3.19,1.06,0.2353,0.098,0.0196,0
U02382,49,18,17,17,17,8,5,1,0,100,100,100,2.88,1.06,0.1633,0.102,0.0204,0
U02384,32,11,10,10,10,7,3,1,0,59,59,59,3.2,1.1,0.2188,0.0938,0.0313,0
U02385,136,46,45,45,45,26,17,1,1,72,72,72,3.02,1.02,0.1912,0.125,0.0074,0
U02387,115,41,40,40,40,23,9,1,1,55,55,55,2.88,1.02,0.2,0.0783,0.0087,0
U02388,77,27,26,26,26,15,7,1,1,75,75,75,2.96,1.04,0.1948,0.0909,0.013,0
U02389,58,19,18,18,18,15,5,1,0,89,89,89,3.22,1.06,0.2586,0.0862,0.0172,0
U02390,31,11,10,10,10,4,5,1,0,44,44,44,3.1,1.1,0.129,0.1613,0.0323,0
U02392,6,3,2,2,2,1,0,0,0,0,0,0,3.0,1.5,0.1667,0.0,0.0,0
U02393,12,4,3,3,3,2,2,1,0,54,54,54,4.0,1.33,0.1667,0.1667,0.0833,0
U02397,51,18,17,17,17,10,4,1,1,0,0,0,3.0,1.06,0.1961,0.0784,0.0196,0
U02402,62,20,19,19,19,14,7,1,1,34,34,34,3.26,1.05,0.2258,0.1129,0.0161,0
U02403,126,44,43,43,43,23,15,1,0,26,26,26,2.93,1.02,0.1825,0.119,0.0079,0
U02404,58,21,20,20,20,9,6,1,1,53,53,53,2.9,1.05,0.1552,0.1034,0.0172,0
U02406,18,7,6,6,6,3,2,0,0,47,47,47,3.0,1.17,0.1667,0.1111,0.0,0
U02410,45,16,16,15,15,8,3,1,1,0,37,37,2.81,1.0,0.1778,0.0667,0.0222,0
U02412,13,5,4,4,4,1,3,0,0,96,96,96,3.25,1.25,0.0769,0.2308,0.0,0
U02415,12,5,4,4,4,2,1,0,0,108,108,108,3.0,1.25,0.1667,0.0833,0.0,0
U02416,22,8,7,7,7,3,2,1,1,38,38,38,3.14,1.14,0.1364,0.0909,0.0455,0
U02417,40,13,12,12,12,9,5,1,0,63,63,63,3.33,1.08,0.225,0.125,0.025,0
U02420,39,14,13,13,13,7,4,1,0,24,24,24,3.0,1.08,0.1795,0.1026,0.0256,0
U02421,64,21,20,20,20,15,7,1,0,81,81,81,3.2,1.05,0.2344,0.1094,0.0156,0
U02422,70,23,22,22,22,13,10,1,1,45,45,45,3.18,1.05,0.1857,0.1429,0.0143,0
U02424,24,9,8,8,8,3,3,1,0,112,112,112,3.0,1.13,0.125,0.125,0.0417,0
U02425,32,11,10,10,10,7,4,0,0,73,73,73,3.2,1.1,0.2188,0.125,0.0,0
U02427,53,19,18,18,18,12,3,1,0,0,0,0,2.94,1.06,0.2264,0.0566,0.0189,0
U02428,46,17,16,16,16,7,5,1,0,0,0,0,2.88,1.06,0.1522,0.1087,0.0217,0
U02429,4,2,1,1,1,1,0,0,0,66,66,66,4.0,2.0,0.25,0.0,0.0,0
U02431,49,16,15,15,15,8,9,1,0,38,38,38,3.27,1.07,0.1633,0.1837,0.0204,0
U02433,8,3,2,2,2,2,0,1,0,80,80,80,4.0,1.5,0.25,0.0,0.125,0
U02434,105,37,36,36,36,19,12,1,0,62,62,62,2.92,1.03,0.181,0.1143,0.0095,0
U02435,69,22,22,21,21,16,7,1,1,16,30,30,3.14,1.0,0.2319,0.1014,0.0145,0
U02436,58,20,19,19,19,8,9,1,1,47,47,47,3.05,1.05,0.1379,0.1552,0.0172,0
U02439,46,16,15,15,15,10,5,0,0,12,12,12,3.07,1.07,0.2174,0.1087,0.0,0
U02440,44,16,15,15,15,8,4,1,0,52,52,52,2.93,1.07,0.1818,0.0909,0.0227,0
U02441,98,31,30,30,30,23,12,1,1,23,23,23,3.27,1.03,0.2347,0.1224,0.0102,0
U02442,13,5,4,4,4,3,1,0,0,13,13,13,3.25,1.25,0.2308,0.0769,0.0,0
U02443,68,20,20,19,19,18,8,1,1,46,60,60,3.4,1.0,0.2647,0.1176,0.0147,0
U02444,58,21,20,20,20,12,3,1,1,12,12,12,2.9,1.05,0.2069,0.0517,0.0172,1
U02445,11,4,3,3,3,2,2,0,0,22,22,22,3.67,1.33,0.1818,0.1818,0.0,0
U02446,3,2,1,1,1,0,0,0,0,50,50,50,3.0,2.0,0.0,0.0,0.0,0
U02449,16,6,5,5,5,2,3,0,0,31,31,31,3.2,1.2,0.125,0.1875,0.0,0
U02452,21,9,8,8,8,3,1,0,0,109,109,109,2.63,1.13,0.1429,0.0476,0.0,0
U02455,10,4,3,3,3,2,1,0,0,43,43,43,3.33,1.33,0.2,0.1,0.0,0
U02456,117,40,39,39,39,23,13,1,1,39,39,39,3.0,1.03,0.1966,0.1111,0.0085,0
U02458,62,20,19,19,19,10,11,1,1,26,26,26,3.26,1.05,0.1613,0.1774,0.0161,1
U02459,49,17,16,16,16,9,5,1,1,79,79,79,3.06,1.06,0.1837,0.102,0.0204,0
U02460,32,11,10,10,10,6,4,1,0,45,45,45,3.2,1.1,0.1875,0.125,0.0313,0
U02461,56,19,18,18,18,11,8,0,0,86,86,86,3.11,1.06,0.1964,0.1429,0.0,0
U02462,163,56,55,55,55,36,14,1,1,23,23,23,2.96,1.02,0.2209,0.0859,0.0061,0
U02463,72,24,23,23,23,14,9,1,1,56,56,56,3.13,1.04,0.1944,0.125,0.0139,0
U02465,8,3,2,2,2,2,1,0,0,23,23,23,4.0,1.5,0.25,0.125,0.0,0
U02466,38,13,12,12,12,6,7,0,0,8,8,8,3.17,1.08,0.1579,0.1842,0.0,0
U02467,62,20,19,19,19,14,8,1,0,3,3,3,3.26,1.05,0.2258,0.129,0.0161,0
U02470,60,20,19,19,19,13,7,1,0,63,63,63,3.16,1.05,0.2167,0.1167,0.0167,0
U02471,46,15,14,14,14,12,4,1,0,64,64,64,3.29,1.07,0.2609,0.087,0.0217,0
U02473,124,41,40,40,40,24,17,1,1,53,53,53,3.1,1.02,0.1935,0.1371,0.0081,0
U02474,49,17,16,16,16,8,7,1,0,5,5,5,3.06,1.06,0.1633,0.1429,0.0204,0
U02475,60,21,20,20,20,12,6,1,0,52,52,52,3.0,1.05,0.2,0.1,0.0167,0
U02477,39,13,12,12,12,8,4,1,1,107,107,107,3.25,1.08,0.2051,0.1026,0.0256,0
U02478,20,7,6,6,6,5,2,0,0,31,31,31,3.33,1.17,0.25,0.1,0.0,0
U02479,47,18,17,17,17,5,5,1,1,45,45,45,2.76,1.06,0.1064,0.1064,0.0213,0
U02480,28,10,9,9,9,4,3,1,1,32,32,32,3.11,1.11,0.1429,0.1071,0.0357,1
U02481,11,5,4,4,4,2,0,0,0,110,110,110,2.75,1.25,0.1818,0.0,0.0,0
U02482,7,3,2,2,2,2,0,0,0,6,6,6,3.5,1.5,0.2857,0.0,0.0,0
U02483,52,17,16,16,16,10,8,1,0,95,95,95,3.25,1.06,0.1923,0.1538,0.0192,0
U02484,42,15,14,14,14,7,5,1,0,59,59,59,3.0,1.07,0.1667,0.119,0.0238,0
U02485,23,8,7,7,7,4,2,1,1,31,31,31,3.29,1.14,0.1739,0.087,0.0435,0
U02486,16,6,5,5,5,4,0,1,0,115,115,115,3.2,1.2,0.25,0.0,0.0625,0
U02488,30,11,10,10,10,5,3,1,0,105,105,105,3.0,1.1,0.1667,0.1,0.0333,0
U02491,10,4,3,3,3,2,1,0,0,44,44,44,3.33,1.33,0.2,0.1,0.0,0
U02492,61,21,20,20,20,11,8,1,0,85,85,85,3.05,1.05,0.1803,0.1311,0.0164,0
U02493,4,2,1,1,1,1,0,0,0,16,16,16,4.0,2.0,0.25,0.0,0.0,0
U02494,25,9,8,8,8,6,2,0,0,59,59,59,3.13,1.13,0.24,0.08,0.0,0
U02496,17,7,6,6,6,3,1,0,0,53,53,53,2.83,1.17,0.1765,0.0588,0.0,0
U02500,24,9,8,8,8,5,1,1,0,14,14,14,3.0,1.13,0.2083,0.0417,0.0417,0
U02503,50,17,16,16,16,10,5,1,1,96,96,96,3.13,1.06,0.2,0.1,0.02,0
U02504,14,6,5,5,5,1,2,0,0,103,103,103,2.8,1.2,0.0714,0.1429,0.0,0
U02505,178,58,57,57,57,36,26,1,0,33,33,33,3.12,1.02,0.2022,0.1461,0.0056,0
U02506,167,56,55,55,55,33,22,1,0,27,27,27,3.04,1.02,0.1976,0.1317,0.006,0
U02507,4,2,1,1,1,1,0,0,0,5,5,5,4.0,2.0,0.25,0.0,0.0,0
U02508,4,2,1,1,1,0,1,0,0,6,6,6,4.0,2.0,0.0,0.25,0.0,0
U02512,109,39,38,38,38,19,12,1,0,46,46,46,2.87,1.03,0.1743,0.1101,0.0092,0
U02513,39,13,13,12,12,8,3,1,1,22,99,99,3.0,1.0,0.2051,0.0769,0.0256,0
U02514,179,59,58,58,58,43,18,1,0,46,46,46,3.09,1.02,0.2402,0.1006,0.0056,0
U02515,10,4,3,3,3,3,0,0,0,79,79,79,3.33,1.33,0.3,0.0,0.0,0
U02516,123,41,40,40,40,29,12,1,0,0,0,0,3.08,1.02,0.2358,0.0976,0.0081,0
U02517,19,7,6,6,6,2,2,1,1,0,0,0,3.17,1.17,0.1053,0.1053,0.0526,0
U02518,4,2,1,1,1,0,1,0,0,13,13,13,4.0,2.0,0.0,0.25,0.0,0
U02520,123,43,42,42,42,24,12,1,1,61,61,61,2.93,1.02,0.1951,0.0976,0.0081,0
U02522,55,19,18,18,18,12,5,1,0,70,70,70,3.06,1.06,0.2182,0.0909,0.0182,0
U02523,67,23,22,22,22,12,9,1,0,73,73,73,3.05,1.05,0.1791,0.1343,0.0149,0
U02526,149,49,48,48,48,34,16,1,1,0,0,0,3.1,1.02,0.2282,0.1074,0.0067,0
U02527,48,15,14,14,14,12,6,1,0,45,45,45,3.43,1.07,0.25,0.125,0.0208,0
U02529,17,6,5,5,5,3,3,0,0,0,0,0,3.4,1.2,0.1765,0.1765,0.0,0
U02530,6,2,2,1,1,0,0,1,1,29,73,73,3.0,1.0,0.0,0.0,0.1667,0
U02532,27,11,10,10,10,3,2,1,0,34,34,34,2.7,1.1,0.1111,0.0741,0.037,0
U02533,48,15,14,14,14,12,5,1,1,76,76,76,3.43,1.07,0.25,0.1042,0.0208,0
U02536,63,21,20,20,20,13,7,1,1,89,89,89,3.15,1.05,0.2063,0.1111,0.0159,0
U02537,16,6,5,5,5,4,1,0,0,89,89,89,3.2,1.2,0.25,0.0625,0.0,0
U02538,3,2,1,1,1,0,0,0,0,118,118,118,3.0,2.0,0.0,0.0,0.0,0
U02540,24,8,7,7,7,3,4,1,1,86,86,86,3.43,1.14,0.125,0.1667,0.0417,0
U02541,14,6,5,5,5,2,1,0,0,111,111,111,2.8,1.2,0.1429,0.0714,0.0,0
U02542,15,6,5,5,5,4,0,0,0,88,88,88,3.0,1.2,0.2667,0.0,0.0,0
U02545,16,6,5,5,5,3,2,0,0,55,55,55,3.2,1.2,0.1875,0.125,0.0,0
U02548,61,21,20,20,20,15,3,1,1,1,1,1,3.05,1.05,0.2459,0.0492,0.0164,0
U02549,57,20,19,19,19,11,6,1,0,0,0,0,3.0,1.05,0.193,0.1053,0.0175,0
U02550,38,13,12,12,12,8,3,1,1,37,37,37,3.17,1.08,0.2105,0.0789,0.0263,1
U02552,32,11,10,10,10,6,3,1,1,88,88,88,3.2,1.1,0.1875,0.0938,0.0313,0
U02553,52,17,16,16,16,12,6,1,0,58,58,58,3.25,1.06,0.2308,0.1154,0.0192,0
U02554,4,2,1,1,1,0,1,0,0,104,104,104,4.0,2.0,0.0,0.25,0.0,0
U02555,42,14,13,13,13,8,6,1,0,91,91,91,3.23,1.08,0.1905,0.1429,0.0238,0
U02556,20,8,7,7,7,3,2,0,0,0,0,0,2.86,1.14,0.15,0.1,0.0,0
U02557,26,10,9,9,9,5,2,0,0,63,63,63,2.89,1.11,0.1923,0.0769,0.0,0
U02558,80,29,28,28,28,15,7,1,0,71,71,71,2.86,1.04,0.1875,0.0875,0.0125,0
U02560,38,12,11,11,11,8,5,1,1,35,35,35,3.45,1.09,0.2105,0.1316,0.0263,1
U02561,53,17,16,16,16,11,8,1,0,83,83,83,3.31,1.06,0.2075,0.1509,0.0189,0
U02562,40,13,12,12,12,8,5,1,1,47,47,47,3.33,1.08,0.2,0.125,0.025,0
U02563,16,6,5,5,5,3,0,1,1,0,0,0,3.2,1.2,0.1875,0.0,0.0625,0
U02566,28,10,9,9,9,6,2,1,0,16,16,16,3.11,1.11,0.2143,0.0714,0.0357,0
U02567,50,16,15,15,15,10,7,1,1,1,1,1,3.33,1.07,0.2,0.14,0.02,0
U02568,36,13,12,12,12,6,3,1,1,0,0,0,3.0,1.08,0.1667,0.0833,0.0278,0
U02570,50,17,16,16,16,10,6,1,0,72,72,72,3.13,1.06,0.2,0.12,0.02,0
U02573,103,35,34,34,34,24,9,1,0,43,43,43,3.03,1.03,0.233,0.0874,0.0097,0
U02574,15,6,5,5,5,2,1,1,0,89,89,89,3.0,1.2,0.1333,0.0667,0.0667,0
U02575,13,5,4,4,4,3,1,0,0,93,93,93,3.25,1.25,0.2308,0.0769,0.0,0
U02576,9,4,3,3,3,2,0,0,0,81,81,81,3.0,1.33,0.2222,0.0,0.0,0
U02577,6,3,2,2,2,1,0,0,0,87,87,87,3.0,1.5,0.1667,0.0,0.0,0
U02579,50,17,16,16,16,10,6,1,0,31,31,31,3.13,1.06,0.2,0.12,0.02,0
U02580,33,12,11,11,11,6,3,1,0,75,75,75,3.0,1.09,0.1818,0.0909,0.0303,0
U02583,37,12,11,11,11,9,5,0,0,36,36,36,3.36,1.09,0.2432,0.1351,0.0,0
U02586,36,11,10,10,10,9,6,0,0,108,108,108,3.6,1.1,0.25,0.1667,0.0,0
U02587,20,7,6,6,6,5,2,0,0,58,58,58,3.33,1.17,0.25,0.1,0.0,0
U02588,13,5,4,4,4,2,0,1,1,0,0,0,3.25,1.25,0.1538,0.0,0.0769,1
U02589,9,3,2,2,2,1,1,1,1,0,0,0,4.5,1.5,0.1111,0.1111,0.1111,0
U02590,56,19,18,18,18,13,5,1,0,94,94,94,3.11,1.06,0.2321,0.0893,0.0179,0
U02591,53,18,17,17,17,11,6,1,0,33,33,33,3.12,1.06,0.2075,0.1132,0.0189,0
U02594,36,13,12,12,12,7,3,1,0,34,34,34,3.0,1.08,0.1944,0.0833,0.0278,0
U02595,26,8,7,7,7,5,5,1,0,28,28,28,3.71,1.14,0.1923,0.1923,0.0385,0
U02596,176,61,60,60,60,36,17,1,1,19,19,19,2.93,1.02,0.2045,0.0966,0.0057,0
U02599,29,11,10,10,10,6,1,1,0,21,21,21,2.9,1.1,0.2069,0.0345,0.0345,0
U02600,39,12,11,11,11,9,6,1,0,0,0,0,3.55,1.09,0.2308,0.1538,0.0256,0
U02601,59,19,18,18,18,13,8,1,0,40,40,40,3.28,1.06,0.2203,0.1356,0.0169,0
U02603,47,16,15,15,15,8,6,1,1,45,45,45,3.13,1.07,0.1702,0.1277,0.0213,0
U02604,73,24,23,23,23,17,8,1,0,8,8,8,3.17,1.04,0.2329,0.1096,0.0137,0
U02605,41,14,13,13,13,9,4,1,0,100,100,100,3.15,1.08,0.2195,0.0976,0.0244,0
U02606,13,5,4,4,4,1,1,1,1,0,0,0,3.25,1.25,0.0769,0.0769,0.0769,0
U02607,54,18,17,17,17,9,9,1,0,57,57,57,3.18,1.06,0.1667,0.1667,0.0185,0
U02608,13,5,4,4,4,3,1,0,0,104,104,104,3.25,1.25,0.2308,0.0769,0.0,0
U02609,46,16,15,15,15,9,5,1,0,65,65,65,3.07,1.07,0.1957,0.1087,0.0217,0
U02610,39,14,13,13,13,7,3,1,1,17,17,17,3.0,1.08,0.1795,0.0769,0.0256,1
U02611,42,14,13,13,13,7,6,1,1,5,5,5,3.23,1.08,0.1667,0.1429,0.0238,0
U02614,130,44,43,43,43,26,15,1,1,15,15,15,3.02,1.02,0.2,0.1154,0.0077,0
U02616,39,13,12,12,12,9,3,1,1,15,15,15,3.25,1.08,0.2308,0.0769,0.0256,1
U02617,11,4,3,3,3,3,1,0,0,116,116,116,3.67,1.33,0.2727,0.0909,0.0,0
U02618,166,56,55,55,55,31,22,1,1,19,19,19,3.02,1.02,0.1867,0.1325,0.006,0
U02621,29,10,9,9,9,5,4,1,0,20,20,20,3.22,1.11,0.1724,0.1379,0.0345,0
U02622,26,9,8,8,8,5,2,1,1,79,79,79,3.25,1.13,0.1923,0.0769,0.0385,0
U02623,55,19,18,18,18,10,7,1,0,56,56,56,3.06,1.06,0.1818,0.1273,0.0182,0
U02624,40,15,14,14,14,8,3,0,0,91,91,91,2.86,1.07,0.2,0.075,0.0,0
U02625,12,5,4,4,4,1,2,0,0,19,19,19,3.0,1.25,0.0833,0.1667,0.0,0
U02629,39,13,12,12,12,8,5,1,0,57,57,57,3.25,1.08,0.2051,0.1282,0.0256,0
U02630,47,15,14,14,14,10,7,1,0,14,14,14,3.36,1.07,0.2128,0.1489,0.0213,0
U02631,48,16,16,15,15,9,5,1,1,5,34,34,3.0,1.0,0.1875,0.1042,0.0208,0
U02633,84,28,27,27,27,16,11,1,1,14,14,14,3.11,1.04,0.1905,0.131,0.0119,0
U02635,55,19,18,18,18,12,6,0,0,93,93,93,3.06,1.06,0.2182,0.1091,0.0,0
U02637,55,21,20,20,20,8,5,1,0,34,34,34,2.75,1.05,0.1455,0.0909,0.0182,0
U02638,46,16,15,15,15,8,5,1,1,10,10,10,3.07,1.07,0.1739,0.1087,0.0217,0
U02640,77,24,23,23,23,15,13,1,1,0,0,0,3.35,1.04,0.1948,0.1688,0.013,1
U02643,52,17,16,16,16,12,6,1,0,31,31,31,3.25,1.06,0.2308,0.1154,0.0192,0
U02644,29,9,9,8,8,7,2,1,1,54,110,110,3.22,1.0,0.2414,0.069,0.0345,0
U02645,9,4,3,3,3,2,0,0,0,81,81,81,3.0,1.33,0.2222,0.0,0.0,0
U02646,61,21,20,20,20,13,6,1,0,54,54,54,3.05,1.05,0.2131,0.0984,0.0164,0
U02647,26,10,9,9,9,5,1,1,0,94,94,94,2.89,1.11,0.1923,0.0385,0.0385,0
U02648,147,52,51,51,51,30,13,1,0,0,0,0,2.88,1.02,0.2041,0.0884,0.0068,0
U02649,15,5,4,4,4,4,1,1,0,0,0,0,3.75,1.25,0.2667,0.0667,0.0667,0
U02651,136,46,45,45,45,27,17,1,0,12,12,12,3.02,1.02,0.1985,0.125,0.0074,0
U02653,17,6,5,5,5,4,2,0,0,73,73,73,3.4,1.2,0.2353,0.1176,0.0,0
U02654,81,26,25,25,25,19,10,1,0,30,30,30,3.24,1.04,0.2346,0.1235,0.0123,0
U02655,21,7,6,6,6,5,3,0,0,98,98,98,3.5,1.17,0.2381,0.1429,0.0,0
U02657,52,19,18,18,18,10,3,1,1,46,46,46,2.89,1.06,0.1923,0.0577,0.0192,0
U02658,53,16,16,15,15,12,7,1,1,59,86,86,3.31,1.0,0.2264,0.1321,0.0189,0
U02659,33,11,10,10,10,6,4,1,1,76,76,76,3.3,1.1,0.1818,0.1212,0.0303,0
U02660,157,52,51,51,51,39,14,1,0,52,52,52,3.08,1.02,0.2484,0.0892,0.0064,0
U02662,5,2,1,1,1,1,0,1,0,86,86,86,5.0,2.0,0.2,0.0,0.2,0
U02663,100,34,33,33,33,22,10,1,0,4,4,4,3.03,1.03,0.22,0.1,0.01,0
U02664,49,16,15,15,15,10,7,1,0,82,82,82,3.27,1.07,0.2041,0.1429,0.0204,0
U02665,21,7,6,6,6,3,4,1,0,114,114,114,3.5,1.17,0.1429,0.1905,0.0476,0
U02666,131,44,43,43,43,25,17,1,1,64,64,64,3.05,1.02,0.1908,0.1298,0.0076,0
U02667,9,4,3,3,3,2,0,0,0,64,64,64,3.0,1.33,0.2222,0.0,0.0,0
U02668,56,18,17,17,17,11,8,1,1,83,83,83,3.29,1.06,0.1964,0.1429,0.0179,0
U02671,18,6,5,5,5,5,2,0,0,18,18,18,3.6,1.2,0.2778,0.1111,0.0,0
U02672,57,20,19,19,19,11,7,0,0,71,71,71,3.0,1.05,0.193,0.1228,0.0,0
U02673,52,18,17,17,17,10,5,1,1,89,89,89,3.06,1.06,0.1923,0.0962,0.0192,0
U02674,111,34,34,33,33,26,15,1,1,63,85,85,3.26,1.0,0.2342,0.1351,0.009,0
U02675,144,48,47,47,47,26,22,1,0,47,47,47,3.06,1.02,0.1806,0.1528,0.0069,0
U02678,21,7,6,6,6,5,3,0,0,0,0,0,3.5,1.17,0.2381,0.1429,0.0,0
U02681,67,21,20,20,20,16,9,1,0,77,77,77,3.35,1.05,0.2388,0.1343,0.0149,0
U02682,8,3,2,2,2,1,1,1,0,0,0,0,4.0,1.5,0.125,0.125,0.125,0
U02683,29,10,9,9,9,7,1,1,1,10,10,10,3.22,1.11,0.2414,0.0345,0.0345,0
U02684,64,20,19,19,19,14,9,1,1,94,94,94,3.37,1.05,0.2188,0.1406,0.0156,0
U02685,15,7,6,6,6,1,1,0,0,0,0,0,2.5,1.17,0.0667,0.0667,0.0,0
U02686,24,8,7,7,7,5,2,1,1,60,60,60,3.43,1.14,0.2083,0.0833,0.0417,0
U02687,107,35,34,34,34,25,11,1,1,0,0,0,3.15,1.03,0.2336,0.1028,0.0093,0
U02691,53,21,20,20,20,7,4,1,0,49,49,49,2.65,1.05,0.1321,0.0755,0.0189,0
U02693,100,33,32,32,32,22,11,1,1,41,41,41,3.13,1.03,0.22,0.11,0.01,0
U02694,46,16,15,15,15,8,6,1,0,54,54,54,3.07,1.07,0.1739,0.1304,0.0217,0
U02695,8,4,3,3,3,1,0,0,0,80,80,80,2.67,1.33,0.125,0.0,0.0,0
U02696,6,3,2,2,2,1,0,0,0,116,116,116,3.0,1.5,0.1667,0.0,0.0,0
U02697,6,3,2,2,2,0,1,0,0,16,16,16,3.0,1.5,0.0,0.1667,0.0,0
U02699,42,16,15,15,15,3,7,1,0,74,74,74,2.8,1.07,0.0714,0.1667,0.0238,0
U02700,62,20,19,19,19,12,10,1,0,0,0,0,3.26,1.05,0.1935,0.1613,0.0161,0
U02703,53,17,16,16,16,10,8,1,1,75,75,75,3.31,1.06,0.1887,0.1509,0.0189,0
U02704,59,18,17,17,17,12,11,1,0,95,95,95,3.47,1.06,0.2034,0.1864,0.0169,0
U02705,65,21,20,20,20,14,8,1,1,74,74,74,3.25,1.05,0.2154,0.1231,0.0154,0
U02706,56,19,18,18,18,12,6,1,0,0,0,0,3.11,1.06,0.2143,0.1071,0.0179,0
U02708,67,24,23,23,23,14,4,1,1,49,49,49,2.91,1.04,0.209,0.0597,0.0149,0
U02710,56,20,19,19,19,11,6,0,0,14,14,14,2.95,1.05,0.1964,0.1071,0.0,0
U02713,25,9,8,8,8,5,3,0,0,69,69,69,3.13,1.13,0.2,0.12,0.0,0
U02714,56,18,17,17,17,10,9,1,1,10,10,10,3.29,1.06,0.1786,0.1607,0.0179,0
U02715,3,2,1,1,1,0,0,0,0,40,40,40,3.0,2.0,0.0,0.0,0.0,0
U02717,47,17,16,16,16,9,4,1,0,38,38,38,2.94,1.06,0.1915,0.0851,0.0213,0
U02718,16,6,5,5,5,3,2,0,0,49,49,49,3.2,1.2,0.1875,0.125,0.0,0
U02720,19,8,7,7,7,2,2,0,0,17,17,17,2.71,1.14,0.1053,0.1053,0.0,0
U02721,24,9,8,8,8,2,3,1,1,0,0,0,3.0,1.13,0.0833,0.125,0.0417,0
U02722,49,18,17,17,17,8,5,1,0,1,1,1,2.88,1.06,0.1633,0.102,0.0204,0
U02723,10,5,4,4,4,0,1,0,0,108,108,108,2.5,1.25,0.0,0.1,0.0,0
U02724,39,13,12,12,12,8,5,1,0,59,59,59,3.25,1.08,0.2051,0.1282,0.0256,0
U02725,16,6,5,5,5,3,0,1,1,54,54,54,3.2,1.2,0.1875,0.0,0.0625,0
U02726,42,13,12,12,12,9,7,1,0,70,70,70,3.5,1.08,0.2143,0.1667,0.0238,0
U02727,19,7,6,6,6,5,1,0,0,105,105,105,3.17,1.17,0.2632,0.0526,0.0,0
U02728,12,4,3,3,3,3,2,0,0,60,60,60,4.0,1.33,0.25,0.1667,0.0,0
U02730,40,14,13,13,13,6,5,1,1,7,7,7,3.08,1.08,0.15,0.125,0.025,0
U02732,16,6,5,5,5,2,3,0,0,63,63,63,3.2,1.2,0.125,0.1875,0.0,0
U02733,53,17,16,16,16,10,9,1,0,0,0,0,3.31,1.06,0.1887,0.1698,0.0189,0
U02734,49,16,15,15,15,10,7,1,0,65,65,65,3.27,1.07,0.2041,0.1429,0.0204,0
U02735,27,10,9,9,9,4,3,1,0,22,22,22,3.0,1.11,0.1481,0.1111,0.037,0
U02736,18,7,6,6,6,3,2,0,0,0,0,0,3.0,1.17,0.1667,0.1111,0.0,0
U02737,40,13,12,12,12,9,5,1,0,15,15,15,3.33,1.08,0.225,0.125,0.025,0
U02742,21,7,6,6,6,6,2,0,0,106,106,106,3.5,1.17,0.2857,0.0952,0.0,0
U02743,20,7,6,6,6,4,2,1,0,66,66,66,3.33,1.17,0.2,0.1,0.05,0
U02745,22,7,6,6,6,5,4,0,0,63,63,63,3.67,1.17,0.2273,0.1818,0.0,0
U02746,15,6,5,5,5,2,2,0,0,29,29,29,3.0,1.2,0.1333,0.1333,0.0,0
U02747,22,8,7,7,7,2,4,1,0,93,93,93,3.14,1.14,0.0909,0.1818,0.0455,0
U02748,21,8,7,7,7,4,2,0,0,15,15,15,3.0,1.14,0.1905,0.0952,0.0,0
U02749,139,49,48,48,48,25,15,1,1,38,38,38,2.9,1.02,0.1799,0.1079,0.0072,0
U02750,65,23,22,22,22,13,5,1,1,6,6,6,2.95,1.05,0.2,0.0769,0.0154,0
U02751,19,6,5,5,5,4,3,1,0,79,79,79,3.8,1.2,0.2105,0.1579,0.0526,0
U02753,30,10,9,9,9,7,2,1,1,76,76,76,3.33,1.11,0.2333,0.0667,0.0333,0
U02754,11,4,3,3,3,1,3,0,0,75,75,75,3.67,1.33,0.0909,0.2727,0.0,0
U02756,50,17,16,16,16,10,5,1,1,26,26,26,3.13,1.06,0.2,0.1,0.02,0
U02759,55,18,17,17,17,12,6,1,1,97,97,97,3.24,1.06,0.2182,0.1091,0.0182,0
U02760,26,9,8,8,8,4,4,1,0,89,89,89,3.25,1.13,0.1538,0.1538,0.0385,0
U02761,28,10,9,9,9,5,2,1,1,104,104,104,3.11,1.11,0.1786,0.0714,0.0357,0
U02763,7,3,2,2,2,1,1,0,0,19,19,19,3.5,1.5,0.1429,0.1429,0.0,0
U02764,170,58,57,57,57,36,18,1,0,18,18,18,2.98,1.02,0.2118,0.1059,0.0059,0
U02767,56,19,18,18,18,14,4,1,0,44,44,44,3.11,1.06,0.25,0.0714,0.0179,0
U02768,72,22,21,21,21,15,12,1,1,0,0,0,3.43,1.05,0.2083,0.1667,0.0139,0
U02769,29,10,9,9,9,4,4,1,1,17,17,17,3.22,1.11,0.1379,0.1379,0.0345,0
U02772,46,17,16,16,16,8,3,1,1,19,19,19,2.88,1.06,0.1739,0.0652,0.0217,0
U02774,59,19,18,18,18,14,7,1,0,28,28,28,3.28,1.06,0.2373,0.1186,0.0169,0
U02775,28,10,9,9,9,5,2,1,1,61,61,61,3.11,1.11,0.1786,0.0714,0.0357,0
U02776,13,5,4,4,4,2,1,1,0,116,116,116,3.25,1.25,0.1538,0.0769,0.0769,0
U02777,10,4,3,3,3,2,0,1,0,26,26,26,3.33,1.33,0.2,0.0,0.1,0
U02779,57,20,19,19,19,13,4,1,0,10,10,10,3.0,1.05,0.2281,0.0702,0.0175,0
U02782,57,18,17,17,17,12,9,1,0,95,95,95,3.35,1.06,0.2105,0.1579,0.0175,0
U02783,5,2,1,1,1,1,1,0,0,38,38,38,5.0,2.0,0.2,0.2,0.0,0
U02784,28,10,9,9,9,5,4,0,0,106,106,106,3.11,1.11,0.1786,0.1429,0.0,0
U02786,13,5,4,4,4,2,2,0,0,71,71,71,3.25,1.25,0.1538,0.1538,0.0,0
U02788,133,47,46,46,46,25,14,1,0,37,37,37,2.89,1.02,0.188,0.1053,0.0075,0
U02789,60,21,20,20,20,11,6,1,1,62,62,62,3.0,1.05,0.1833,0.1,0.0167,0
U02790,28,11,10,10,10,3,4,0,0,93,93,93,2.8,1.1,0.1071,0.1429,0.0,0
U02791,26,9,8,8,8,5,4,0,0,60,60,60,3.25,1.13,0.1923,0.1538,0.0,0
U02792,10,4,3,3,3,1,2,0,0,37,37,37,3.33,1.33,0.1,0.2,0.0,0
U02793,56,18,17,17,17,8,11,1,1,101,101,101,3.29,1.06,0.1429,0.1964,0.0179,0
U02794,76,27,26,26,26,12,9,1,1,36,36,36,2.92,1.04,0.1579,0.1184,0.0132,0
U02795,28,10,9,9,9,5,4,0,0,95,95,95,3.11,1.11,0.1786,0.1429,0.0,0
U02796,126,38,37,37,37,32,18,1,0,9,9,9,3.41,1.03,0.254,0.1429,0.0079,0
U02797,13,5,4,4,4,2,2,0,0,59,59,59,3.25,1.25,0.1538,0.1538,0.0,0
U02801,11,4,3,3,3,2,2,0,0,44,44,44,3.67,1.33,0.1818,0.1818,0.0,0
U02803,75,27,26,26,26,15,6,1,0,0,0,0,2.88,1.04,0.2,0.08,0.0133,0
U02804,43,13,12,12,12,9,7,1,1,105,105,105,3.58,1.08,0.2093,0.1628,0.0233,0
U02805,112,37,36,36,36,23,14,1,1,59,59,59,3.11,1.03,0.2054,0.125,0.0089,0
U02806,10,4,3,3,3,2,1,0,0,111,111,111,3.33,1.33,0.2,0.1,0.0,0
U02808,159,53,52,52,52,37,15,1,1,6,6,6,3.06,1.02,0.2327,0.0943,0.0063,0
U02809,46,17,16,16,16,9,3,1,0,24,24,24,2.88,1.06,0.1957,0.0652,0.0217,0
U02811,17,5,4,4,4,3,4,1,0,68,68,68,4.25,1.25,0.1765,0.2353,0.0588,0
U02812,9,3,2,2,2,2,2,0,0,22,22,22,4.5,1.5,0.2222,0.2222,0.0,0
U02814,25,10,9,9,9,4,2,0,0,81,81,81,2.78,1.11,0.16,0.08,0.0,0
U02815,37,13,12,12,12,6,5,1,0,0,0,0,3.08,1.08,0.1622,0.1351,0.027,0
U02816,68,23,22,22,22,11,10,1,1,35,35,35,3.09,1.05,0.1618,0.1471,0.0147,0
U02817,4,2,1,1,1,1,0,0,0,118,118,118,4.0,2.0,0.25,0.0,0.0,0
U02818,41,13,12,12,12,6,9,1,0,72,72,72,3.42,1.08,0.1463,0.2195,0.0244,0
U02820,15,6,5,5,5,3,1,0,0,42,42,42,3.0,1.2,0.2,0.0667,0.0,0
U02823,44,15,15,14,14,5,7,1,1,14,85,85,2.93,1.0,0.1136,0.1591,0.0227,0
U02826,27,9,8,8,8,3,5,1,1,0,0,0,3.38,1.13,0.1111,0.1852,0.037,0
U02829,3,2,1,1,1,0,0,0,0,20,20,20,3.0,2.0,0.0,0.0,0.0,0
U02833,24,8,7,7,7,4,5,0,0,0,0,0,3.43,1.14,0.1667,0.2083,0.0,0
U02834,40,13,12,12,12,9,5,1,0,19,19,19,3.33,1.08,0.225,0.125,0.025,0
U02835,12,4,3,3,3,2,1,1,1,0,0,0,4.0,1.33,0.1667,0.0833,0.0833,0
U02836,5,2,1,1,1,1,1,0,0,93,93,93,5.0,2.0,0.2,0.2,0.0,0
U02837,58,19,18,18,18,11,8,1,1,23,23,23,3.22,1.06,0.1897,0.1379,0.0172,0
U02840,7,3,2,2,2,2,0,0,0,96,96,96,3.5,1.5,0.2857,0.0,0.0,0
U02843,77,25,24,24,24,18,9,1,0,16,16,16,3.21,1.04,0.2338,0.1169,0.013,0
U02844,63,20,19,19,19,12,11,1,0,13,13,13,3.32,1.05,0.1905,0.1746,0.0159,0
U02846,25,9,8,8,8,3,4,1,0,0,0,0,3.13,1.13,0.12,0.16,0.04,0
U02848,43,14,13,13,13,5,10,1,0,27,27,27,3.31,1.08,0.1163,0.2326,0.0233,0
U02852,14,5,4,4,4,3,1,1,0,114,114,114,3.5,1.25,0.2143,0.0714,0.0714,0
U02854,53,19,18,18,18,8,7,1,0,84,84,84,2.94,1.06,0.1509,0.1321,0.0189,0
U02855,4,2,1,1,1,1,0,0,0,31,31,31,4.0,2.0,0.25,0.0,0.0,0
U02856,28,9,8,8,8,6,4,1,0,20,20,20,3.5,1.13,0.2143,0.1429,0.0357,0
U02859,63,20,19,19,19,13,9,1,1,92,92,92,3.32,1.05,0.2063,0.1429,0.0159,0
U02860,37,14,13,13,13,5,3,1,1,88,88,88,2.85,1.08,0.1351,0.0811,0.027,0
U02862,3,2,1,1,1,0,0,0,0,15,15,15,3.0,2.0,0.0,0.0,0.0,0
U02863,25,9,8,8,8,6,2,0,0,0,0,0,3.13,1.13,0.24,0.08,0.0,0
U02864,85,31,30,30,30,15,7,1,1,0,0,0,2.83,1.03,0.1765,0.0824,0.0118,0
U02867,30,10,9,9,9,5,5,1,0,3,3,3,3.33,1.11,0.1667,0.1667,0.0333,0
U02868,143,47,46,46,46,30,18,1,1,3,3,3,3.11,1.02,0.2098,0.1259,0.007,0
U02869,126,42,41,41,41,23,18,1,1,31,31,31,3.07,1.02,0.1825,0.1429,0.0079,0
U02872,45,15,15,14,14,7,6,1,1,8,47,47,3.0,1.0,0.1556,0.1333,0.0222,0
U02875,107,37,37,36,36,26,5,1,1,38,52,52,2.89,1.0,0.243,0.0467,0.0093,0
U02876,14,4,3,3,3,2,3,1,1,0,0,0,4.67,1.33,0.1429,0.2143,0.0714,0
U02877,46,16,15,15,15,9,5,1,0,88,88,88,3.07,1.07,0.1957,0.1087,0.0217,0
U02879,15,5,4,4,4,4,2,0,0,63,63,63,3.75,1.25,0.2667,0.1333,0.0,0
U02881,69,23,22,22,22,14,8,1,1,0,0,0,3.14,1.05,0.2029,0.1159,0.0145,0
U02882,55,20,19,19,19,10,5,1,0,57,57,57,2.89,1.05,0.1818,0.0909,0.0182,0
U02883,28,9,8,8,8,6,4,1,0,112,112,112,3.5,1.13,0.2143,0.1429,0.0357,0
U02885,59,20,19,19,19,11,8,1,0,29,29,29,3.11,1.05,0.1864,0.1356,0.0169,0
U02886,60,21,20,20,20,11,6,1,1,21,21,21,3.0,1.05,0.1833,0.1,0.0167,1
U02887,35,11,10,10,10,8,5,1,0,57,57,57,3.5,1.1,0.2286,0.1429,0.0286,0
U02888,151,52,51,51,51,30,16,1,1,55,55,55,2.96,1.02,0.1987,0.106,0.0066,0
U02889,87,31,30,30,30,16,8,1,1,58,58,58,2.9,1.03,0.1839,0.092,0.0115,0
U02892,10,4,3,3,3,3,0,0,0,73,73,73,3.33,1.33,0.3,0.0,0.0,0
U02893,52,18,17,17,17,11,5,1,0,80,80,80,3.06,1.06,0.2115,0.0962,0.0192,0
U02897,58,21,20,20,20,9,8,0,0,51,51,51,2.9,1.05,0.1552,0.1379,0.0,0
U02898,12,4,3,3,3,2,1,1,1,12,12,12,4.0,1.33,0.1667,0.0833,0.0833,0
U02899,36,11,10,10,10,9,4,1,1,88,88,88,3.6,1.1,0.25,0.1111,0.0278,0
U02900,48,15,14,14,14,9,8,1,1,21,21,21,3.43,1.07,0.1875,0.1667,0.0208,1
U02903,37,14,13,13,13,5,3,1,1,90,90,90,2.85,1.08,0.1351,0.0811,0.027,0
U02905,21,7,6,6,6,5,2,1,0,0,0,0,3.5,1.17,0.2381,0.0952,0.0476,0
U02906,139,47,46,46,46,29,15,1,1,28,28,28,3.02,1.02,0.2086,0.1079,0.0072,0
U02907,56,20,19,19,19,11,5,1,0,93,93,93,2.95,1.05,0.1964,0.0893,0.0179,0
U02909,15,6,5,5,5,3,1,0,0,11,11,11,3.0,1.2,0.2,0.0667,0.0,0
U02910,35,12,11,11,11,6,5,1,0,96,96,96,3.18,1.09,0.1714,0.1429,0.0286,0
U02911,7,3,2,2,2,1,1,0,0,108,108,108,3.5,1.5,0.1429,0.1429,0.0,0
U02913,82,26,25,25,25,18,11,1,1,8,8,8,3.28,1.04,0.2195,0.1341,0.0122,0
U02915,6,3,2,2,2,1,0,0,0,12,12,12,3.0,1.5,0.1667,0.0,0.0,0
U02917,87,30,29,29,29,17,9,1,1,18,18,18,3.0,1.03,0.1954,0.1034,0.0115,1
U02919,11,4,3,3,3,3,1,0,0,1,1,1,3.67,1.33,0.2727,0.0909,0.0,0
U02920,65,22,21,21,21,14,7,1,0,76,76,76,3.1,1.05,0.2154,0.1077,0.0154,0
U02921,12,5,4,4,4,1,2,0,0,12,12,12,3.0,1.25,0.0833,0.1667,0.0,0
U02923,25,9,8,8,8,4,3,1,0,20,20,20,3.13,1.13,0.16,0.12,0.04,0
U02924,23,8,7,7,7,6,2,0,0,23,23,23,3.29,1.14,0.2609,0.087,0.0,0
U02925,24,8,7,7,7,5,3,1,0,56,56,56,3.43,1.14,0.2083,0.125,0.0417,0
U02926,21,7,6,6,6,4,4,0,0,113,113,113,3.5,1.17,0.1905,0.1905,0.0,0
U02928,5,2,1,1,1,1,1,0,0,49,49,49,5.0,2.0,0.2,0.2,0.0,0
U02929,54,18,17,17,17,12,5,1,1,46,46,46,3.18,1.06,0.2222,0.0926,0.0185,1
U02931,147,52,51,51,51,32,10,1,1,50,50,50,2.88,1.02,0.2177,0.068,0.0068,0
U02933,39,14,13,13,13,6,4,1,1,14,14,14,3.0,1.08,0.1538,0.1026,0.0256,0
U02936,53,19,18,18,18,9,6,1,0,100,100,100,2.94,1.06,0.1698,0.1132,0.0189,0
U02937,18,6,5,5,5,4,3,0,0,10,10,10,3.6,1.2,0.2222,0.1667,0.0,0
U02939,143,49,48,48,48,29,15,1,1,28,28,28,2.98,1.02,0.2028,0.1049,0.007,0
U02941,14,5,4,4,4,3,2,0,0,55,55,55,3.5,1.25,0.2143,0.1429,0.0,0
U02943,3,2,1,1,1,0,0,0,0,108,108,108,3.0,2.0,0.0,0.0,0.0,0
U02944,45,14,13,13,13,10,7,1,0,21,21,21,3.46,1.08,0.2222,0.1556,0.0222,0
U02947,26,9,8,8,8,5,2,1,1,7,7,7,3.25,1.13,0.1923,0.0769,0.0385,0
U02948,29,10,9,9,9,6,4,0,0,50,50,50,3.22,1.11,0.2069,0.1379,0.0,0
U02949,57,19,18,18,18,12,6,1,1,2,2,2,3.17,1.06,0.2105,0.1053,0.0175,1
U02950,19,8,7,7,7,4,0,0,0,18,18,18,2.71,1.14,0.2105,0.0,0.0,0
U02951,83,26,25,25,25,17,13,1,1,62,62,62,3.32,1.04,0.2048,0.1566,0.012,0
U02953,33,12,11,11,11,8,1,1,0,0,0,0,3.0,1.09,0.2424,0.0303,0.0303,0
U02954,47,18,17,17,17,7,3,1,1,59,59,59,2.76,1.06,0.1489,0.0638,0.0213,0
U02955,55,19,18,18,18,13,4,1,0,68,68,68,3.06,1.06,0.2364,0.0727,0.0182,0
U02956,18,7,6,6,6,4,1,0,0,73,73,73,3.0,1.17,0.2222,0.0556,0.0,0
U02958,8,4,3,3,3,1,0,0,0,43,43,43,2.67,1.33,0.125,0.0,0.0,0
U02960,35,12,11,11,11,6,4,1,1,85,85,85,3.18,1.09,0.1714,0.1143,0.0286,0
U02961,26,9,8,8,8,5,3,1,0,0,0,0,3.25,1.13,0.1923,0.1154,0.0385,0
U02962,95,33,32,32,32,17,11,1,1,54,54,54,2.97,1.03,0.1789,0.1158,0.0105,0
U02964,12,5,4,4,4,3,0,0,0,76,76,76,3.0,1.25,0.25,0.0,0.0,0
U02965,39,15,14,14,14,6,3,1,0,80,80,80,2.79,1.07,0.1538,0.0769,0.0256,0
U02966,10,4,3,3,3,2,1,0,0,80,80,80,3.33,1.33,0.2,0.1,0.0,0
U02967,46,16,15,15,15,11,3,1,0,26,26,26,3.07,1.07,0.2391,0.0652,0.0217,0
U02969,26,9,8,8,8,4,3,1,1,78,78,78,3.25,1.13,0.1538,0.1154,0.0385,0
U02971,6,3,2,2,2,1,0,0,0,18,18,18,3.0,1.5,0.1667,0.0,0.0,0
U02972,164,58,57,57,57,28,19,1,1,8,8,8,2.88,1.02,0.1707,0.1159,0.0061,0
U02973,33,12,11,11,11,7,2,1,0,34,34,34,3.0,1.09,0.2121,0.0606,0.0303,0
U02974,32,11,10,10,10,7,4,0,0,104,104,104,3.2,1.1,0.2188,0.125,0.0,0
U02975,59,20,19,19,19,11,7,1,1,0,0,0,3.11,1.05,0.1864,0.1186,0.0169,0
U02976,30,11,10,10,10,7,1,1,0,106,106,106,3.0,1.1,0.2333,0.0333,0.0333,0
U02977,59,20,19,19,19,13,5,1,1,66,66,66,3.11,1.05,0.2203,0.0847,0.0169,0
U02980,34,11,10,10,10,7,4,1,1,8,8,8,3.4,1.1,0.2059,0.1176,0.0294,0
U02981,16,6,5,5,5,3,2,0,0,10,10,10,3.2,1.2,0.1875,0.125,0.0,0
U02983,7,3,2,2,2,2,0,0,0,47,47,47,3.5,1.5,0.2857,0.0,0.0,0
U02984,15,6,5,5,5,2,2,0,0,107,107,107,3.0,1.2,0.1333,0.1333,0.0,0
U02985,13,5,4,4,4,2,2,0,0,0,0,0,3.25,1.25,0.1538,0.1538,0.0,0
U02986,110,38,37,37,37,22,12,1,0,9,9,9,2.97,1.03,0.2,0.1091,0.0091,0
U02987,62,21,20,20,20,15,4,1,1,7,7,7,3.1,1.05,0.2419,0.0645,0.0161,0
U02988,32,11,10,10,10,6,4,1,0,38,38,38,3.2,1.1,0.1875,0.125,0.0313,0
U02989,90,28,27,27,27,20,13,1,1,0,0,0,3.33,1.04,0.2222,0.1444,0.0111,0
U02990,46,16,15,15,15,8,5,1,1,29,29,29,3.07,1.07,0.1739,0.1087,0.0217,1
U02991,95,31,30,30,30,20,13,1,0,45,45,45,3.17,1.03,0.2105,0.1368,0.0105,0
U02994,121,40,39,39,39,30,10,1,1,53,53,53,3.1,1.03,0.2479,0.0826,0.0083,0
U02995,66,21,20,20,20,17,7,1,0,0,0,0,3.3,1.05,0.2576,0.1061,0.0152,0
U02996,43,15,14,14,14,11,2,1,0,22,22,22,3.07,1.07,0.2558,0.0465,0.0233,0
U02997,15,6,5,5,5,2,2,0,0,16,16,16,3.0,1.2,0.1333,0.1333,0.0,0
U02998,64,20,19,19,19,13,11,1,0,60,60,60,3.37,1.05,0.2031,0.1719,0.0156,0
U03002,8,3,2,2,2,1,1,1,0,7,7,7,4.0,1.5,0.125,0.125,0.125,0
U03003,4,2,1,1,1,1,0,0,0,30,30,30,4.0,2.0,0.25,0.0,0.0,0
U03004,32,11,10,10,10,5,5,1,0,70,70,70,3.2,1.1,0.1563,0.1563,0.0313,0
U03005,40,14,13,13,13,7,5,1,0,0,0,0,3.08,1.08,0.175,0.125,0.025,0
U03006,8,3,2,2,2,1,2,0,0,11,11,11,4.0,1.5,0.125,0.25,0.0,0
U03009,67,23,22,22,22,12,8,1,1,0,0,0,3.05,1.05,0.1791,0.1194,0.0149,0
U03012,47,15,14,14,14,12,5,1,0,99,99,99,3.36,1.07,0.2553,0.1064,0.0213,0
U03013,174,56,55,55,55,36,25,1,1,31,31,31,3.16,1.02,0.2069,0.1437,0.0057,0
U03015,53,17,16,16,16,13,6,1,0,13,13,13,3.31,1.06,0.2453,0.1132,0.0189,0
U03016,33,12,11,11,11,7,2,1,0,80,80,80,3.0,1.09,0.2121,0.0606,0.0303,0
U03018,33,12,11,11,11,7,2,1,0,55,55,55,3.0,1.09,0.2121,0.0606,0.0303,0
U03021,42,15,14,14,14,7,5,1,0,15,15,15,3.0,1.07,0.1667,0.119,0.0238,0
U03023,57,21,20,20,20,7,7,1,1,93,93,93,2.85,1.05,0.1228,0.1228,0.0175,0
U03024,7,3,2,2,2,2,0,0,0,17,17,17,3.5,1.5,0.2857,0.0,0.0,0
U03025,15,5,4,4,4,4,1,1,0,51,51,51,3.75,1.25,0.2667,0.0667,0.0667,0
U03026,12,5,4,4,4,2,1,0,0,52,52,52,3.0,1.25,0.1667,0.0833,0.0,0
U03027,171,55,54,54,54,36,24,1,1,15,15,15,3.17,1.02,0.2105,0.1404,0.0058,0
U03028,28,10,9,9,9,5,3,1,0,75,75,75,3.11,1.11,0.1786,0.1071,0.0357,0
U03029,45,16,15,15,15,5,8,1,0,30,30,30,3.0,1.07,0.1111,0.1778,0.0222,0
U03030,6,3,2,2,2,0,1,0,0,15,15,15,3.0,1.5,0.0,0.1667,0.0,0
U03031,21,8,7,7,7,4,1,1,0,52,52,52,3.0,1.14,0.1905,0.0476,0.0476,0
U03032,10,4,3,3,3,2,1,0,0,48,48,48,3.33,1.33,0.2,0.1,0.0,0
U03033,51,18,17,17,17,11,4,1,0,88,88,88,3.0,1.06,0.2157,0.0784,0.0196,0
U03035,71,24,23,23,23,14,8,1,1,48,48,48,3.09,1.04,0.1972,0.1127,0.0141,0
U03036,23,8,7,7,7,3,4,1,0,109,109,109,3.29,1.14,0.1304,0.1739,0.0435,0
U03037,13,5,4,4,4,1,3,0,0,51,51,51,3.25,1.25,0.0769,0.2308,0.0,0
U03039,53,17,16,16,16,10,8,1,1,90,90,90,3.31,1.06,0.1887,0.1509,0.0189,0
U03040,71,24,23,23,23,16,6,1,1,82,82,82,3.09,1.04,0.2254,0.0845,0.0141,0
U03041,7,3,2,2,2,2,0,0,0,39,39,39,3.5,1.5,0.2857,0.0,0.0,0
U03042,22,7,6,6,6,5,2,1,1,0,0,0,3.67,1.17,0.2273,0.0909,0.0455,0
U03043,17,6,5,5,5,3,3,0,0,0,0,0,3.4,1.2,0.1765,0.1765,0.0,0
U03044,17,7,6,6,6,2,2,0,0,41,41,41,2.83,1.17,0.1176,0.1176,0.0,0
U03045,131,43,43,42,42,27,16,1,1,26,62,62,3.05,1.0,0.2061,0.1221,0.0076,0
U03046,24,9,8,8,8,4,1,1,1,34,34,34,3.0,1.13,0.1667,0.0417,0.0417,0
U03047,5,2,1,1,1,1,0,1,0,41,41,41,5.0,2.0,0.2,0.0,0.2,0
U03048,15,6,5,5,5,2,2,0,0,63,63,63,3.0,1.2,0.1333,0.1333,0.0,0
U03049,27,9,8,8,8,4,4,1,1,0,0,0,3.38,1.13,0.1481,0.1481,0.037,0
U03050,116,41,40,40,40,21,12,1,1,28,28,28,2.9,1.02,0.181,0.1034,0.0086,0
U03052,63,21,20,20,20,11,9,1,1,44,44,44,3.15,1.05,0.1746,0.1429,0.0159,1
U03055,65,21,21,20,20,13,8,1,1,46,73,73,3.1,1.0,0.2,0.1231,0.0154,0
U03056,18,7,6,6,6,2,2,1,0,87,87,87,3.0,1.17,0.1111,0.1111,0.0556,0
U03060,57,20,19,19,19,12,5,1,0,15,15,15,3.0,1.05,0.2105,0.0877,0.0175,0
U03061,14,5,4,4,4,3,1,1,0,58,58,58,3.5,1.25,0.2143,0.0714,0.0714,0
U03062,31,11,10,10,10,5,4,1,0,97,97,97,3.1,1.1,0.1613,0.129,0.0323,0
U03063,13,5,4,4,4,3,1,0,0,96,96,96,3.25,1.25,0.2308,0.0769,0.0,0
U03064,16,6,5,5,5,3,2,0,0,29,29,29,3.2,1.2,0.1875,0.125,0.0,0
U03065,26,10,9,9,9,6,0,1,0,61,61,61,2.89,1.11,0.2308,0.0,0.0385,0
U03067,29,9,8,8,8,6,5,1,0,10,10,10,3.63,1.13,0.2069,0.1724,0.0345,0
U03068,56,19,18,18,18,12,6,1,0,83,83,83,3.11,1.06,0.2143,0.1071,0.0179,0
U03070,57,19,18,18,18,10,8,1,1,30,30,30,3.17,1.06,0.1754,0.1404,0.0175,0
U03072,30,11,10,10,10,6,3,0,0,19,19,19,3.0,1.1,0.2,0.1,0.0,0
U03074,166,56,55,55,55,32,21,1,1,34,34,34,3.02,1.02,0.1928,0.1265,0.006,0
U03076,55,18,17,17,17,11,8,1,0,103,103,103,3.24,1.06,0.2,0.1455,0.0182,0
U03078,154,52,51,51,51,31,18,1,1,0,0,0,3.02,1.02,0.2013,0.1169,0.0065,0
U03079,22,8,7,7,7,5,0,1,1,16,16,16,3.14,1.14,0.2273,0.0,0.0455,0
U03080,48,16,15,15,15,12,4,1,0,57,57,57,3.2,1.07,0.25,0.0833,0.0208,0
U03082,61,20,19,19,19,13,8,1,0,33,33,33,3.21,1.05,0.2131,0.1311,0.0164,0
U03085,38,13,12,12,12,9,3,1,0,34,34,34,3.17,1.08,0.2368,0.0789,0.0263,0
U03086,171,59,58,58,58,31,21,1,1,40,40,40,2.95,1.02,0.1813,0.1228,0.0058,0
U03087,36,13,12,12,12,4,6,1,0,11,11,11,3.0,1.08,0.1111,0.1667,0.0278,0
U03088,18,7,6,6,6,4,1,0,0,44,44,44,3.0,1.17,0.2222,0.0556,0.0,0
U03089,16,6,5,5,5,3,2,0,0,41,41,41,3.2,1.2,0.1875,0.125,0.0,0
U03090,38,12,11,11,11,6,7,1,1,69,69,69,3.45,1.09,0.1579,0.1842,0.0263,0
U03091,14,6,5,5,5,2,0,1,0,0,0,0,2.8,1.2,0.1429,0.0,0.0714,0
U03092,45,17,16,16,16,7,4,1,0,57,57,57,2.81,1.06,0.1556,0.0889,0.0222,0
U03094,20,7,6,6,6,3,4,0,0,30,30,30,3.33,1.17,0.15,0.2,0.0,0
U03095,60,21,20,20,20,10,8,1,0,27,27,27,3.0,1.05,0.1667,0.1333,0.0167,0
U03097,59,20,19,19,19,12,7,1,0,69,69,69,3.11,1.05,0.2034,0.1186,0.0169,0
U03100,37,12,11,11,11,5,8,1,0,25,25,25,3.36,1.09,0.1351,0.2162,0.027,0
U03103,47,17,16,16,16,7,6,1,0,49,49,49,2.94,1.06,0.1489,0.1277,0.0213,0
U03105,13,4,3,3,3,3,1,1,1,0,0,0,4.33,1.33,0.2308,0.0769,0.0769,0
U03106,11,4,3,3,3,2,2,0,0,43,43,43,3.67,1.33,0.1818,0.1818,0.0,0
U03107,48,16,15,15,15,9,6,1,1,99,99,99,3.2,1.07,0.1875,0.125,0.0208,0
U03108,17,7,6,6,6,2,2,0,0,19,19,19,2.83,1.17,0.1176,0.1176,0.0,0
U03109,61,21,20,20,20,15,4,1,0,90,90,90,3.05,1.05,0.2459,0.0656,0.0164,0
U03111,31,11,10,10,10,3,6,1,0,99,99,99,3.1,1.1,0.0968,0.1935,0.0323,0
U03112,130,46,45,45,45,22,15,1,1,0,0,0,2.89,1.02,0.1692,0.1154,0.0077,1
U03116,45,17,16,16,16,7,3,1,1,18,18,18,2.81,1.06,0.1556,0.0667,0.0222,0
U03117,3,2,1,1,1,0,0,0,0,16,16,16,3.0,2.0,0.0,0.0,0.0,0
U03121,46,15,15,14,14,10,4,1,1,4,27,27,3.07,1.0,0.2174,0.087,0.0217,0
U03124,43,14,13,13,13,8,7,1,0,0,0,0,3.31,1.08,0.186,0.1628,0.0233,0
U03126,192,61,60,60,60,42,27,1,1,3,3,3,3.2,1.02,0.2188,0.1406,0.0052,0
U03127,31,10,9,9,9,6,4,1,1,0,0,0,3.44,1.11,0.1935,0.129,0.0323,0
U03129,18,7,6,6,6,5,0,0,0,71,71,71,3.0,1.17,0.2778,0.0,0.0,0
U03131,37,13,12,12,12,6,5,1,0,23,23,23,3.08,1.08,0.1622,0.1351,0.027,0
U03132,24,8,7,7,7,6,3,0,0,46,46,46,3.43,1.14,0.25,0.125,0.0,0
U03134,20,7,6,6,6,4,3,0,0,19,19,19,3.33,1.17,0.2,0.15,0.0,0
U03136,14,5,4,4,4,3,2,0,0,8,8,8,3.5,1.25,0.2143,0.1429,0.0,0
U03137,14,6,5,5,5,2,1,0,0,51,51,51,2.8,1.2,0.1429,0.0714,0.0,0
U03139,26,9,8,8,8,6,2,1,0,32,32,32,3.25,1.13,0.2308,0.0769,0.0385,0
U03141,29,10,9,9,9,5,4,1,0,51,51,51,3.22,1.11,0.1724,0.1379,0.0345,0
U03142,26,9,8,8,8,6,3,0,0,52,52,52,3.25,1.13,0.2308,0.1154,0.0,0
U03144,62,21,20,20,20,12,7,1,1,1,1,1,3.1,1.05,0.1935,0.1129,0.0161,0
U03145,48,16,15,15,15,10,5,1,1,12,12,12,3.2,1.07,0.2083,0.1042,0.0208,0
U03146,13,5,4,4,4,2,2,0,0,12,12,12,3.25,1.25,0.1538,0.1538,0.0,0
U03147,66,22,21,21,21,14,7,1,1,50,50,50,3.14,1.05,0.2121,0.1061,0.0152,0
U03148,27,10,9,9,9,5,3,0,0,74,74,74,3.0,1.11,0.1852,0.1111,0.0,0
U03149,155,51,50,50,50,33,19,1,1,35,35,35,3.1,1.02,0.2129,0.1226,0.0065,0
U03152,49,17,16,16,16,8,7,1,0,71,71,71,3.06,1.06,0.1633,0.1429,0.0204,0
U03154,127,43,42,42,42,23,17,1,1,7,7,7,3.02,1.02,0.1811,0.1339,0.0079,0
U03155,7,3,2,2,2,1,1,0,0,58,58,58,3.5,1.5,0.1429,0.1429,0.0,0
U03156,4,2,1,1,1,1,0,0,0,46,46,46,4.0,2.0,0.25,0.0,0.0,0
U03158,55,18,17,17,17,9,10,1,0,13,13,13,3.24,1.06,0.1636,0.1818,0.0182,0
U03159,40,14,13,13,13,8,3,1,1,46,46,46,3.08,1.08,0.2,0.075,0.025,0
U03160,55,19,18,18,18,11,6,1,0,77,77,77,3.06,1.06,0.2,0.1091,0.0182,0
U03161,57,20,19,19,19,12,6,0,0,96,96,96,3.0,1.05,0.2105,0.1053,0.0,0
U03162,12,5,4,4,4,2,1,0,0,111,111,111,3.0,1.25,0.1667,0.0833,0.0,0
U03166,4,2,1,1,1,1,0,0,0,115,115,115,4.0,2.0,0.25,0.0,0.0,0
U03169,7,3,2,2,2,0,2,0,0,44,44,44,3.5,1.5,0.0,0.2857,0.0,0
U03171,57,19,18,18,18,10,8,1,1,17,17,17,3.17,1.06,0.1754,0.1404,0.0175,0
U03172,131,47,46,46,46,24,12,1,1,68,68,68,2.85,1.02,0.1832,0.0916,0.0076,0
U03173,44,14,13,13,13,8,7,1,1,0,0,0,3.38,1.08,0.1818,0.1591,0.0227,1
U03174,39,14,13,13,13,8,3,1,0,0,0,0,3.0,1.08,0.2051,0.0769,0.0256,0
U03175,17,7,6,6,6,3,1,0,0,96,96,96,2.83,1.17,0.1765,0.0588,0.0,0
U03176,148,55,54,54,54,19,18,1,1,65,65,65,2.74,1.02,0.1284,0.1216,0.0068,0
U03178,25,10,9,9,9,3,2,1,0,63,63,63,2.78,1.11,0.12,0.08,0.04,0
U03180,23,9,8,8,8,3,2,1,0,96,96,96,2.88,1.13,0.1304,0.087,0.0435,0
U03181,73,25,24,24,24,13,9,1,1,26,26,26,3.04,1.04,0.1781,0.1233,0.0137,0
U03182,63,23,22,22,22,9,8,1,0,74,74,74,2.86,1.05,0.1429,0.127,0.0159,0
U03184,20,7,6,6,6,5,2,0,0,86,86,86,3.33,1.17,0.25,0.1,0.0,0
U03186,43,14,13,13,13,8,6,1,1,76,76,76,3.31,1.08,0.186,0.1395,0.0233,0
U03188,9,4,3,3,3,1,1,0,0,94,94,94,3.0,1.33,0.1111,0.1111,0.0,0
U03189,16,7,6,6,6,3,0,0,0,11,11,11,2.67,1.17,0.1875,0.0,0.0,0
U03190,21,7,6,6,6,5,2,1,0,83,83,83,3.5,1.17,0.2381,0.0952,0.0476,0
U03191,27,9,8,8,8,5,4,1,0,21,21,21,3.38,1.13,0.1852,0.1481,0.037,0
U03193,58,21,20,20,20,13,3,1,0,10,10,10,2.9,1.05,0.2241,0.0517,0.0172,0
U03194,35,12,11,11,11,7,5,0,0,2,2,2,3.18,1.09,0.2,0.1429,0.0,0
U03195,160,53,52,52,52,33,20,1,1,0,0,0,3.08,1.02,0.2062,0.125,0.0063,0
U03197,36,13,12,12,12,7,2,1,1,37,37,37,3.0,1.08,0.1944,0.0556,0.0278,0
U03198,47,15,14,14,14,9,7,1,1,78,78,78,3.36,1.07,0.1915,0.1489,0.0213,0
U03199,13,5,4,4,4,1,3,0,0,20,20,20,3.25,1.25,0.0769,0.2308,0.0,0
U03200,7,3,2,2,2,2,0,0,0,37,37,37,3.5,1.5,0.2857,0.0,0.0,0
U03202,33,11,10,10,10,7,4,1,0,102,102,102,3.3,1.1,0.2121,0.1212,0.0303,0
U03203,59,21,20,20,20,11,6,1,0,0,0,0,2.95,1.05,0.1864,0.1017,0.0169,0
U03204,118,39,38,38,38,21,18,1,1,4,4,4,3.11,1.03,0.178,0.1525,0.0085,0
U03205,7,3,2,2,2,2,0,0,0,51,51,51,3.5,1.5,0.2857,0.0,0.0,0
U03206,13,5,4,4,4,2,1,1,0,66,66,66,3.25,1.25,0.1538,0.0769,0.0769,0
U03207,40,14,13,13,13,8,4,1,0,106,106,106,3.08,1.08,0.2,0.1,0.025,0
U03209,45,15,14,14,14,9,7,0,0,0,0,0,3.21,1.07,0.2,0.1556,0.0,0
U03211,153,53,52,52,52,32,14,1,1,16,16,16,2.94,1.02,0.2092,0.0915,0.0065,0
U03213,43,15,14,14,14,11,1,1,1,11,11,11,3.07,1.07,0.2558,0.0233,0.0233,0
U03214,37,14,13,13,13,7,1,1,1,7,7,7,2.85,1.08,0.1892,0.027,0.027,1
U03217,15,6,5,5,5,1,3,0,0,8,8,8,3.0,1.2,0.0667,0.2,0.0,0
U03218,16,6,5,5,5,1,3,1,0,44,44,44,3.2,1.2,0.0625,0.1875,0.0625,0
U03219,121,40,39,39,39,23,18,1,0,0,0,0,3.1,1.03,0.1901,0.1488,0.0083,0
U03220,53,18,17,17,17,14,4,0,0,52,52,52,3.12,1.06,0.2642,0.0755,0.0,0
U03221,114,39,38,38,38,19,15,1,1,27,27,27,3.0,1.03,0.1667,0.1316,0.0088,0
U03222,22,8,7,7,7,5,2,0,0,84,84,84,3.14,1.14,0.2273,0.0909,0.0,0
U03225,57,20,19,19,19,8,9,1,0,28,28,28,3.0,1.05,0.1404,0.1579,0.0175,0
U03228,49,17,16,16,16,9,6,1,0,78,78,78,3.06,1.06,0.1837,0.1224,0.0204,0
U03230,21,8,8,7,7,3,0,1,1,37,75,75,2.63,1.0,0.1429,0.0,0.0476,0
U03231,35,11,10,10,10,7,6,1,0,56,56,56,3.5,1.1,0.2,0.1714,0.0286,0
U03233,16,6,5,5,5,3,2,0,0,71,71,71,3.2,1.2,0.1875,0.125,0.0,0
U03234,7,3,2,2,2,1,1,0,0,39,39,39,3.5,1.5,0.1429,0.1429,0.0,0
U03237,117,37,36,36,36,29,13,1,1,32,32,32,3.25,1.03,0.2479,0.1111,0.0085,0
U03238,26,9,8,8,8,6,3,0,0,34,34,34,3.25,1.13,0.2308,0.1154,0.0,0
U03239,33,11,10,10,10,6,6,0,0,53,53,53,3.3,1.1,0.1818,0.1818,0.0,0
U03240,101,34,33,33,33,18,15,1,0,0,0,0,3.06,1.03,0.1782,0.1485,0.0099,0
U03241,32,12,11,11,11,4,4,1,0,43,43,43,2.91,1.09,0.125,0.125,0.0313,0
U03242,15,5,4,4,4,2,3,1,0,111,111,111,3.75,1.25,0.1333,0.2,0.0667,0
U03243,77,27,26,26,26,10,12,1,1,48,48,48,2.96,1.04,0.1299,0.1558,0.013,0
U03245,38,14,13,13,13,6,4,1,0,0,0,0,2.92,1.08,0.1579,0.1053,0.0263,0
U03246,47,17,16,16,16,8,6,0,0,42,42,42,2.94,1.06,0.1702,0.1277,0.0,0
U03247,47,17,16,16,16,9,4,1,0,56,56,56,2.94,1.06,0.1915,0.0851,0.0213,0
U03248,109,37,36,36,36,20,14,1,1,66,66,66,3.03,1.03,0.1835,0.1284,0.0092,0
U03249,10,4,3,3,3,2,1,0,0,87,87,87,3.33,1.33,0.2,0.1,0.0,0
U03251,11,4,3,3,3,2,2,0,0,12,12,12,3.67,1.33,0.1818,0.1818,0.0,0
U03252,41,13,13,12,12,9,4,1,1,23,60,60,3.15,1.0,0.2195,0.0976,0.0244,0
U03253,18,7,6,6,6,3,1,1,0,0,0,0,3.0,1.17,0.1667,0.0556,0.0556,0
U03254,11,4,3,3,3,3,1,0,0,53,53,53,3.67,1.33,0.2727,0.0909,0.0,0
U03257,37,12,11,11,11,9,3,1,1,90,90,90,3.36,1.09,0.2432,0.0811,0.027,0
U03259,9,4,3,3,3,2,0,0,0,75,75,75,3.0,1.33,0.2222,0.0,0.0,0
U03261,115,38,37,37,37,27,12,1,0,4,4,4,3.11,1.03,0.2348,0.1043,0.0087,0
U03262,8,3,2,2,2,2,1,0,0,86,86,86,4.0,1.5,0.25,0.125,0.0,0
U03264,31,11,10,10,10,5,4,1,0,12,12,12,3.1,1.1,0.1613,0.129,0.0323,0
U03265,29,11,10,10,10,4,2,1,1,77,77,77,2.9,1.1,0.1379,0.069,0.0345,0
U03266,21,7,6,6,6,3,3,1,1,9,9,9,3.5,1.17,0.1429,0.1429,0.0476,0
U03267,163,53,52,52,52,34,22,1,1,0,0,0,3.13,1.02,0.2086,0.135,0.0061,0
U03269,83,27,26,26,26,17,12,1,0,33,33,33,3.19,1.04,0.2048,0.1446,0.012,0
U03270,22,7,6,6,6,6,3,0,0,18,18,18,3.67,1.17,0.2727,0.1364,0.0,0
U03271,15,6,5,5,5,2,1,1,0,6,6,6,3.0,1.2,0.1333,0.0667,0.0667,0
U03273,74,25,24,24,24,14,9,1,1,78,78,78,3.08,1.04,0.1892,0.1216,0.0135,0
U03274,4,2,1,1,1,0,1,0,0,71,71,71,4.0,2.0,0.0,0.25,0.0,0
U03275,16,6,5,5,5,3,1,1,0,99,99,99,3.2,1.2,0.1875,0.0625,0.0625,0
U03276,8,4,3,3,3,1,0,0,0,0,0,0,2.67,1.33,0.125,0.0,0.0,0
U03277,55,20,19,19,19,8,7,1,0,51,51,51,2.89,1.05,0.1455,0.1273,0.0182,0
U03279,139,48,47,47,47,29,13,1,1,47,47,47,2.96,1.02,0.2086,0.0935,0.0072,0
U03281,3,2,1,1,1,0,0,0,0,25,25,25,3.0,2.0,0.0,0.0,0.0,0
U03282,7,3,2,2,2,0,2,0,0,95,95,95,3.5,1.5,0.0,0.2857,0.0,0
U03284,5,2,1,1,1,1,1,0,0,40,40,40,5.0,2.0,0.2,0.2,0.0,0
U03285,7,3,2,2,2,1,1,0,0,62,62,62,3.5,1.5,0.1429,0.1429,0.0,0
U03286,59,20,19,19,19,11,8,1,0,12,12,12,3.11,1.05,0.1864,0.1356,0.0169,0
U03287,26,9,8,8,8,6,2,1,0,27,27,27,3.25,1.13,0.2308,0.0769,0.0385,0
U03288,49,18,18,17,17,7,4,1,1,40,82,82,2.72,1.0,0.1429,0.0816,0.0204,0
U03289,14,6,5,5,5,2,1,0,0,13,13,13,2.8,1.2,0.1429,0.0714,0.0,0
U03293,42,14,13,13,13,8,7,0,0,85,85,85,3.23,1.08,0.1905,0.1667,0.0,0
U03295,33,11,10,10,10,7,5,0,0,72,72,72,3.3,1.1,0.2121,0.1515,0.0,0
U03297,110,39,38,38,38,20,11,1,1,0,0,0,2.89,1.03,0.1818,0.1,0.0091,0
U03299,182,60,60,59,59,39,21,1,1,7,29,29,3.03,1.0,0.2143,0.1154,0.0055,0
U03300,53,19,18,18,18,9,6,1,0,85,85,85,2.94,1.06,0.1698,0.1132,0.0189,0
U03301,28,9,9,8,8,7,1,1,1,45,101,101,3.11,1.0,0.25,0.0357,0.0357,0
U03302,54,18,17,17,17,12,5,1,1,0,0,0,3.18,1.06,0.2222,0.0926,0.0185,0
U03303,61,21,20,20,20,11,7,1,1,71,71,71,3.05,1.05,0.1803,0.1148,0.0164,0
U03304,13,6,5,5,5,1,1,0,0,62,62,62,2.6,1.2,0.0769,0.0769,0.0,0
U03305,48,16,15,15,15,10,5,1,1,77,77,77,3.2,1.07,0.2083,0.1042,0.0208,0
U03309,41,15,14,14,14,8,3,1,0,26,26,26,2.93,1.07,0.1951,0.0732,0.0244,0
U03311,51,15,15,14,14,12,7,1,1,56,88,88,3.4,1.0,0.2353,0.1373,0.0196,0
U03313,8,4,3,3,3,1,0,0,0,18,18,18,2.67,1.33,0.125,0.0,0.0,0
U03314,34,10,9,9,9,8,6,1,0,8,8,8,3.78,1.11,0.2353,0.1765,0.0294,0
U03316,22,8,7,7,7,6,1,0,0,24,24,24,3.14,1.14,0.2727,0.0455,0.0,0
U03317,4,2,1,1,1,0,1,0,0,59,59,59,4.0,2.0,0.0,0.25,0.0,0
U03318,37,13,12,12,12,8,3,1,0,19,19,19,3.08,1.08,0.2162,0.0811,0.027,0
U03321,44,17,16,16,16,6,4,1,0,47,47,47,2.75,1.06,0.1364,0.0909,0.0227,0
U03322,28,9,8,8,8,4,5,1,1,43,43,43,3.5,1.13,0.1429,0.1786,0.0357,1
U03323,18,7,6,6,6,4,1,0,0,36,36,36,3.0,1.17,0.2222,0.0556,0.0,0
U03326,60,21,20,20,20,13,5,1,0,65,65,65,3.0,1.05,0.2167,0.0833,0.0167,0
U03327,30,10,9,9,9,6,3,1,1,94,94,94,3.33,1.11,0.2,0.1,0.0333,0
U03328,21,8,7,7,7,3,1,1,1,49,49,49,3.0,1.14,0.1429,0.0476,0.0476,0
U03329,16,6,5,5,5,3,2,0,0,87,87,87,3.2,1.2,0.1875,0.125,0.0,0
U03336,46,15,14,14,14,8,8,1,0,97,97,97,3.29,1.07,0.1739,0.1739,0.0217,0
U03338,34,11,10,10,10,7,5,1,0,17,17,17,3.4,1.1,0.2059,0.1471,0.0294,0
U03339,94,33,32,32,32,19,8,1,1,0,0,0,2.94,1.03,0.2021,0.0851,0.0106,0
U03342,26,9,8,8,8,4,4,1,0,4,4,4,3.25,1.13,0.1538,0.1538,0.0385,0
U03343,28,11,10,10,10,2,3,1,1,0,0,0,2.8,1.1,0.0714,0.1071,0.0357,0
U03345,61,21,20,20,20,12,6,1,1,96,96,96,3.05,1.05,0.1967,0.0984,0.0164,0
U03346,16,5,4,4,4,3,2,1,1,0,0,0,4.0,1.25,0.1875,0.125,0.0625,0
U03347,37,12,11,11,11,7,5,1,1,70,70,70,3.36,1.09,0.1892,0.1351,0.027,0
U03348,14,6,5,5,5,2,0,1,0,91,91,91,2.8,1.2,0.1429,0.0,0.0714,0
U03351,48,17,16,16,16,9,5,1,0,99,99,99,3.0,1.06,0.1875,0.1042,0.0208,0
U03352,52,17,16,16,16,8,10,1,0,10,10,10,3.25,1.06,0.1538,0.1923,0.0192,0
U03353,38,13,12,12,12,6,6,1,0,86,86,86,3.17,1.08,0.1579,0.1579,0.0263,0
U03355,52,18,17,17,17,7,9,1,0,0,0,0,3.06,1.06,0.1346,0.1731,0.0192,0
U03356,121,42,41,41,41,21,15,1,1,41,41,41,2.95,1.02,0.1736,0.124,0.0083,0
U03357,23,8,7,7,7,4,3,1,0,0,0,0,3.29,1.14,0.1739,0.1304,0.0435,0
U03359,43,15,14,14,14,8,4,1,1,6,6,6,3.07,1.07,0.186,0.093,0.0233,0
U03361,24,9,8,8,8,5,2,0,0,0,0,0,3.0,1.13,0.2083,0.0833,0.0,0
U03363,25,9,8,8,8,6,2,0,0,0,0,0,3.13,1.13,0.24,0.08,0.0,0
U03364,5,3,2,2,2,0,0,0,0,18,18,18,2.5,1.5,0.0,0.0,0.0,0
U03366,31,10,9,9,9,6,5,1,0,102,102,102,3.44,1.11,0.1935,0.1613,0.0323,0
U03367,47,16,15,15,15,9,5,1,1,98,98,98,3.13,1.07,0.1915,0.1064,0.0213,0
U03369,11,5,4,4,4,1,1,0,0,0,0,0,2.75,1.25,0.0909,0.0909,0.0,0
U03370,11,4,3,3,3,1,3,0,0,115,115,115,3.67,1.33,0.0909,0.2727,0.0,0
U03371,37,11,10,10,10,9,6,1,0,23,23,23,3.7,1.1,0.2432,0.1622,0.027,0
U03372,18,7,6,6,6,2,2,1,0,36,36,36,3.0,1.17,0.1111,0.1111,0.0556,0
U03373,40,14,13,13,13,8,4,1,0,105,105,105,3.08,1.08,0.2,0.1,0.025,0
U03374,113,36,35,35,35,29,12,1,0,0,0,0,3.23,1.03,0.2566,0.1062,0.0088,0
U03375,16,6,5,5,5,3,1,1,0,53,53,53,3.2,1.2,0.1875,0.0625,0.0625,0
U03377,153,50,49,49,49,35,17,1,1,37,37,37,3.12,1.02,0.2288,0.1111,0.0065,0
U03378,150,52,51,51,51,28,18,1,0,28,28,28,2.94,1.02,0.1867,0.12,0.0067,0
U03379,44,15,14,14,14,8,7,0,0,61,61,61,3.14,1.07,0.1818,0.1591,0.0,0
U03381,46,16,15,15,15,9,5,1,0,56,56,56,3.07,1.07,0.1957,0.1087,0.0217,0
U03382,8,3,2,2,2,1,2,0,0,115,115,115,4.0,1.5,0.125,0.25,0.0,0
U03383,19,7,6,6,6,3,3,0,0,73,73,73,3.17,1.17,0.1579,0.1579,0.0,0
U03385,87,31,30,30,30,11,13,1,1,48,48,48,2.9,1.03,0.1264,0.1494,0.0115,0
U03386,15,6,5,5,5,4,0,0,0,87,87,87,3.0,1.2,0.2667,0.0,0.0,0
U03388,41,14,13,13,13,10,2,1,1,69,69,69,3.15,1.08,0.2439,0.0488,0.0244,0
U03389,16,5,5,4,4,3,1,1,1,39,83,83,3.2,1.0,0.1875,0.0625,0.0625,0
U03390,159,54,53,53,53,32,17,1,1,3,3,3,3.0,1.02,0.2013,0.1069,0.0063,0
U03392,13,5,4,4,4,2,2,0,0,107,107,107,3.25,1.25,0.1538,0.1538,0.0,0
U03394,16,6,5,5,5,3,1,1,0,9,9,9,3.2,1.2,0.1875,0.0625,0.0625,0
U03395,30,10,9,9,9,4,5,1,1,30,30,30,3.33,1.11,0.1333,0.1667,0.0333,1
U03396,29,9,9,8,8,5,4,1,1,42,74,74,3.22,1.0,0.1724,0.1379,0.0345,0
U03397,31,10,9,9,9,5,5,1,1,0,0,0,3.44,1.11,0.1613,0.1613,0.0323,0
U03398,7,3,2,2,2,1,1,0,0,39,39,39,3.5,1.5,0.1429,0.1429,0.0,0
U03400,40,13,12,12,12,10,4,1,0,46,46,46,3.33,1.08,0.25,0.1,0.025,0
U03401,33,11,10,10,10,4,7,1,0,9,9,9,3.3,1.1,0.1212,0.2121,0.0303,0
U03402,77,27,26,26,26,12,10,1,1,61,61,61,2.96,1.04,0.1558,0.1299,0.013,0
U03403,21,8,7,7,7,6,0,0,0,109,109,109,3.0,1.14,0.2857,0.0,0.0,0
U03405,17,7,6,6,6,4,0,0,0,26,26,26,2.83,1.17,0.2353,0.0,0.0,0
U03406,9,4,3,3,3,2,0,0,0,75,75,75,3.0,1.33,0.2222,0.0,0.0,0
U03407,139,47,46,46,46,31,14,1,0,0,0,0,3.02,1.02,0.223,0.1007,0.0072,0
U03409,29,10,9,9,9,6,4,0,0,80,80,80,3.22,1.11,0.2069,0.1379,0.0,0
U03412,12,6,5,5,5,0,1,0,0,45,45,45,2.4,1.2,0.0,0.0833,0.0,0
U03413,31,12,11,11,11,4,3,1,0,94,94,94,2.82,1.09,0.129,0.0968,0.0323,0
U03414,4,2,1,1,1,1,0,0,0,3,3,3,4.0,2.0,0.25,0.0,0.0,0
U03415,15,6,5,5,5,3,1,0,0,51,51,51,3.0,1.2,0.2,0.0667,0.0,0
U03416,34,13,12,12,12,5,2,1,1,99,99,99,2.83,1.08,0.1471,0.0588,0.0294,0
U03418,50,18,17,17,17,8,5,1,1,102,102,102,2.94,1.06,0.16,0.1,0.02,0
U03419,8,3,2,2,2,2,1,0,0,55,55,55,4.0,1.5,0.25,0.125,0.0,0
U03420,40,15,14,14,14,8,2,1,0,63,63,63,2.86,1.07,0.2,0.05,0.025,0
U03421,132,44,43,43,43,32,11,1,1,46,46,46,3.07,1.02,0.2424,0.0833,0.0076,0
U03424,11,4,3,3,3,3,1,0,0,14,14,14,3.67,1.33,0.2727,0.0909,0.0,0
U03426,21,8,7,7,7,4,1,1,0,5,5,5,3.0,1.14,0.1905,0.0476,0.0476,0
U03427,52,18,17,17,17,10,6,1,0,73,73,73,3.06,1.06,0.1923,0.1154,0.0192,0
U03428,6,3,2,2,2,1,0,0,0,101,101,101,3.0,1.5,0.1667,0.0,0.0,0
U03429,49,19,18,18,18,9,3,0,0,49,49,49,2.72,1.06,0.1837,0.0612,0.0,0
U03432,42,16,15,15,15,6,3,1,1,17,17,17,2.8,1.07,0.1429,0.0714,0.0238,0
U03433,44,15,14,14,14,9,4,1,1,83,83,83,3.14,1.07,0.2045,0.0909,0.0227,0
U03434,51,18,17,17,17,9,5,1,1,11,11,11,3.0,1.06,0.1765,0.098,0.0196,0
U03435,19,6,5,5,5,5,3,0,0,99,99,99,3.8,1.2,0.2632,0.1579,0.0,0
U03436,28,9,8,8,8,4,5,1,1,97,97,97,3.5,1.13,0.1429,0.1786,0.0357,0
U03437,23,8,7,7,7,5,3,0,0,69,69,69,3.29,1.14,0.2174,0.1304,0.0,0
U03441,5,2,1,1,1,1,1,0,0,48,48,48,5.0,2.0,0.2,0.2,0.0,0
U03443,9,5,4,4,4,0,0,0,0,58,58,58,2.25,1.25,0.0,0.0,0.0,0
U03444,19,8,7,7,7,2,2,0,0,18,18,18,2.71,1.14,0.1053,0.1053,0.0,0
U03445,9,4,3,3,3,2,0,0,0,53,53,53,3.0,1.33,0.2222,0.0,0.0,0
U03446,8,3,2,2,2,1,2,0,0,77,77,77,4.0,1.5,0.125,0.25,0.0,0
U03447,18,7,6,6,6,2,3,0,0,101,101,101,3.0,1.17,0.1111,0.1667,0.0,0
U03451,7,3,2,2,2,2,0,0,0,0,0,0,3.5,1.5,0.2857,0.0,0.0,0
U03452,37,13,12,12,12,7,4,1,0,84,84,84,3.08,1.08,0.1892,0.1081,0.027,0
U03455,45,14,14,13,13,9,6,1,1,3,90,90,3.21,1.0,0.2,0.1333,0.0222,0
U03456,13,5,4,4,4,2,1,1,0,95,95,95,3.25,1.25,0.1538,0.0769,0.0769,0
U03457,186,61,60,60,60,38,25,1,1,3,3,3,3.1,1.02,0.2043,0.1344,0.0054,0
U03458,22,9,8,8,8,3,1,1,0,0,0,0,2.75,1.13,0.1364,0.0455,0.0455,0
U03459,8,3,2,2,2,2,1,0,0,15,15,15,4.0,1.5,0.25,0.125,0.0,0
U03461,3,2,1,1,1,0,0,0,0,69,69,69,3.0,2.0,0.0,0.0,0.0,0
U03462,31,11,10,10,10,6,3,1,0,29,29,29,3.1,1.1,0.1935,0.0968,0.0323,0
U03463,89,31,30,30,30,14,13,1,0,1,1,1,2.97,1.03,0.1573,0.1461,0.0112,0
U03465,39,12,11,11,11,9,5,1,1,0,0,0,3.55,1.09,0.2308,0.1282,0.0256,0
U03466,104,38,37,37,37,15,12,1,1,83,83,83,2.81,1.03,0.1442,0.1154,0.0096,0
U03467,8,4,3,3,3,0,0,1,0,62,62,62,2.67,1.33,0.0,0.0,0.125,0
U03469,82,28,27,27,27,18,7,1,1,73,73,73,3.04,1.04,0.2195,0.0854,0.0122,0
U03471,60,18,18,17,17,13,9,1,1,42,94,94,3.33,1.0,0.2167,0.15,0.0167,0
U03472,96,30,29,29,29,25,10,1,1,12,12,12,3.31,1.03,0.2604,0.1042,0.0104,0
U03473,41,14,13,13,13,7,6,1,0,55,55,55,3.15,1.08,0.1707,0.1463,0.0244,0
U03474,48,18,17,17,17,9,3,1,0,46,46,46,2.82,1.06,0.1875,0.0625,0.0208,0
U03475,115,38,37,37,37,23,15,1,1,55,55,55,3.11,1.03,0.2,0.1304,0.0087,0
U03476,100,33,33,32,32,22,10,1,1,9,37,37,3.03,1.0,0.22,0.1,0.01,0
U03477,33,11,10,10,10,7,3,1,1,37,37,37,3.3,1.1,0.2121,0.0909,0.0303,0
U03478,50,17,17,16,16,10,4,1,1,10,29,29,2.94,1.0,0.2,0.08,0.02,0
U03482,35,14,13,13,13,5,3,0,0,74,74,74,2.69,1.08,0.1429,0.0857,0.0,0
U03484,28,9,8,8,8,5,4,1,1,0,0,0,3.5,1.13,0.1786,0.1429,0.0357,0
U03487,13,5,4,4,4,3,0,1,0,71,71,71,3.25,1.25,0.2308,0.0,0.0769,0
U03489,52,16,15,15,15,14,6,1,0,77,77,77,3.47,1.07,0.2692,0.1154,0.0192,0
U03493,54,19,18,18,18,11,4,1,1,50,50,50,3.0,1.06,0.2037,0.0741,0.0185,0
U03494,124,42,41,41,41,29,10,1,1,41,41,41,3.02,1.02,0.2339,0.0806,0.0081,0
U03496,17,6,5,5,5,4,1,1,0,70,70,70,3.4,1.2,0.2353,0.0588,0.0588,0
U03497,10,4,3,3,3,3,0,0,0,0,0,0,3.33,1.33,0.3,0.0,0.0,0
U03498,37,12,11,11,11,7,5,1,1,77,77,77,3.36,1.09,0.1892,0.1351,0.027,0
U03499,178,60,59,59,59,34,23,1,1,46,46,46,3.02,1.02,0.191,0.1292,0.0056,0
U03502,97,31,30,30,30,22,12,1,1,0,0,0,3.23,1.03,0.2268,0.1237,0.0103,0
U03505,35,14,13,13,13,5,1,1,1,0,0,0,2.69,1.08,0.1429,0.0286,0.0286,0
U03506,54,17,16,16,16,12,8,1,0,34,34,34,3.38,1.06,0.2222,0.1481,0.0185,0
U03507,38,13,12,12,12,8,5,0,0,2,2,2,3.17,1.08,0.2105,0.1316,0.0,0
U03508,4,2,1,1,1,1,0,0,0,55,55,55,4.0,2.0,0.25,0.0,0.0,0
U03510,23,8,7,7,7,6,2,0,0,96,96,96,3.29,1.14,0.2609,0.087,0.0,0
U03511,41,15,14,14,14,8,3,1,0,29,29,29,2.93,1.07,0.1951,0.0732,0.0244,0
U03512,37,13,12,12,12,6,5,1,0,12,12,12,3.08,1.08,0.1622,0.1351,0.027,0
U03513,51,17,17,16,16,8,7,1,1,38,64,64,3.0,1.0,0.1569,0.1373,0.0196,0
U03518,4,2,1,1,1,1,0,0,0,80,80,80,4.0,2.0,0.25,0.0,0.0,0
U03522,117,41,40,40,40,24,10,1,1,0,0,0,2.92,1.02,0.2051,0.0855,0.0085,0
U03524,14,5,4,4,4,3,2,0,0,3,3,3,3.5,1.25,0.2143,0.1429,0.0,0
U03525,38,14,13,13,13,8,3,0,0,7,7,7,2.92,1.08,0.2105,0.0789,0.0,0
U03526,35,11,10,10,10,9,3,1,1,58,58,58,3.5,1.1,0.2571,0.0857,0.0286,0
U03528,111,37,36,36,36,22,14,1,1,67,67,67,3.08,1.03,0.1982,0.1261,0.009,0
U03529,60,21,20,20,20,12,6,1,0,45,45,45,3.0,1.05,0.2,0.1,0.0167,0
U03530,94,31,30,30,30,19,13,1,0,10,10,10,3.13,1.03,0.2021,0.1383,0.0106,0
U03531,20,8,7,7,7,2,3,0,0,0,0,0,2.86,1.14,0.1,0.15,0.0,0
U03532,14,6,5,5,5,2,1,0,0,34,34,34,2.8,1.2,0.1429,0.0714,0.0,0
U03534,25,9,8,8,8,3,4,1,0,88,88,88,3.13,1.13,0.12,0.16,0.04,0
U03536,124,47,46,46,46,18,12,1,0,58,58,58,2.7,1.02,0.1452,0.0968,0.0081,0
U03537,15,6,5,5,5,3,1,0,0,33,33,33,3.0,1.2,0.2,0.0667,0.0,0
U03539,6,3,2,2,2,1,0,0,0,34,34,34,3.0,1.5,0.1667,0.0,0.0,0
U03540,13,6,5,5,5,2,0,0,0,25,25,25,2.6,1.2,0.1538,0.0,0.0,0
U03541,89,29,28,28,28,18,12,1,1,38,38,38,3.18,1.04,0.2022,0.1348,0.0112,0
U03544,42,14,13,13,13,9,6,0,0,85,85,85,3.23,1.08,0.2143,0.1429,0.0,0
U03545,80,28,27,27,27,15,8,1,1,54,54,54,2.96,1.04,0.1875,0.1,0.0125,0
U03546,29,11,10,10,10,3,3,1,1,110,110,110,2.9,1.1,0.1034,0.1034,0.0345,0
U03549,28,10,9,9,9,4,4,1,0,27,27,27,3.11,1.11,0.1429,0.1429,0.0357,0
U03550,7,3,2,2,2,1,1,0,0,89,89,89,3.5,1.5,0.1429,0.1429,0.0,0
U03551,5,2,1,1,1,1,1,0,0,27,27,27,5.0,2.0,0.2,0.2,0.0,0
U03552,35,12,11,11,11,9,3,0,0,48,48,48,3.18,1.09,0.2571,0.0857,0.0,0
U03553,22,8,7,7,7,5,1,1,0,0,0,0,3.14,1.14,0.2273,0.0455,0.0455,0
U03555,21,8,7,7,7,3,2,1,0,52,52,52,3.0,1.14,0.1429,0.0952,0.0476,0
U03556,18,7,6,6,6,4,1,0,0,2,2,2,3.0,1.17,0.2222,0.0556,0.0,0
U03557,46,16,15,15,15,7,7,1,0,0,0,0,3.07,1.07,0.1522,0.1522,0.0217,0
U03559,53,19,18,18,18,11,4,1,0,17,17,17,2.94,1.06,0.2075,0.0755,0.0189,0
U03561,3,2,1,1,1,0,0,0,0,50,50,50,3.0,2.0,0.0,0.0,0.0,0
U03562,56,19,18,18,18,14,4,1,0,5,5,5,3.11,1.06,0.25,0.0714,0.0179,0
U03563,44,16,15,15,15,5,7,1,0,14,14,14,2.93,1.07,0.1136,0.1591,0.0227,0
U03565,11,4,3,3,3,2,2,0,0,82,82,82,3.67,1.33,0.1818,0.1818,0.0,0
U03567,9,3,2,2,2,0,2,1,1,23,23,23,4.5,1.5,0.0,0.2222,0.1111,0
U03568,55,17,16,16,16,11,9,1,1,26,26,26,3.44,1.06,0.2,0.1636,0.0182,0
U03569,57,18,17,17,17,12,9,1,0,42,42,42,3.35,1.06,0.2105,0.1579,0.0175,0
U03570,21,7,6,6,6,4,4,0,0,3,3,3,3.5,1.17,0.1905,0.1905,0.0,0
U03571,47,17,16,16,16,10,3,1,0,16,16,16,2.94,1.06,0.2128,0.0638,0.0213,0
U03572,27,10,9,9,9,5,2,1,0,50,50,50,3.0,1.11,0.1852,0.0741,0.037,0
U03574,7,3,2,2,2,1,1,0,0,27,27,27,3.5,1.5,0.1429,0.1429,0.0,0
U03575,20,7,6,6,6,3,4,0,0,94,94,94,3.33,1.17,0.15,0.2,0.0,0
U03576,52,19,18,18,18,10,4,1,0,9,9,9,2.89,1.06,0.1923,0.0769,0.0192,0
U03577,32,10,9,9,9,6,6,1,0,9,9,9,3.56,1.11,0.1875,0.1875,0.0313,0
U03578,43,14,13,13,13,10,4,1,1,6,6,6,3.31,1.08,0.2326,0.093,0.0233,0
U03579,17,7,6,6,6,1,3,0,0,92,92,92,2.83,1.17,0.0588,0.1765,0.0,0
U03581,33,10,9,9,9,7,5,1,1,53,53,53,3.67,1.11,0.2121,0.1515,0.0303,1
U03583,22,7,6,6,6,5,3,1,0,102,102,102,3.67,1.17,0.2273,0.1364,0.0455,0
U03584,79,29,28,28,28,14,6,1,1,68,68,68,2.82,1.04,0.1772,0.0759,0.0127,0
U03585,5,2,1,1,1,1,1,0,0,119,119,119,5.0,2.0,0.2,0.2,0.0,0
U03586,37,12,11,11,11,9,4,1,0,0,0,0,3.36,1.09,0.2432,0.1081,0.027,0
U03587,9,3,2,2,2,2,2,0,0,116,116,116,4.5,1.5,0.2222,0.2222,0.0,0
U03588,55,19,18,18,18,11,6,1,0,77,77,77,3.06,1.06,0.2,0.1091,0.0182,0
U03590,52,18,17,17,17,12,4,1,0,31,31,31,3.06,1.06,0.2308,0.0769,0.0192,0
U03592,50,19,18,18,18,8,4,1,0,69,69,69,2.78,1.06,0.16,0.08,0.02,0
U03598,56,19,18,18,18,13,4,1,1,65,65,65,3.11,1.06,0.2321,0.0714,0.0179,0
U03599,22,8,7,7,7,6,1,0,0,54,54,54,3.14,1.14,0.2727,0.0455,0.0,0
U03600,135,49,48,48,48,23,14,1,0,22,22,22,2.81,1.02,0.1704,0.1037,0.0074,0
U03602,5,3,2,2,2,0,0,0,0,54,54,54,2.5,1.5,0.0,0.0,0.0,0
U03603,50,19,18,18,18,8,4,1,0,62,62,62,2.78,1.06,0.16,0.08,0.02,0
U03606,4,2,1,1,1,1,0,0,0,84,84,84,4.0,2.0,0.25,0.0,0.0,0
U03607,139,48,47,47,47,24,19,1,0,7,7,7,2.96,1.02,0.1727,0.1367,0.0072,0
U03608,44,15,14,14,14,7,7,1,0,106,106,106,3.14,1.07,0.1591,0.1591,0.0227,0
U03609,8,4,3,3,3,0,0,1,0,76,76,76,2.67,1.33,0.0,0.0,0.125,0
U03611,45,15,14,14,14,9,6,1,0,90,90,90,3.21,1.07,0.2,0.1333,0.0222,0
U03612,62,20,19,19,19,12,10,1,0,71,71,71,3.26,1.05,0.1935,0.1613,0.0161,0
U03613,12,5,4,4,4,3,0,0,0,40,40,40,3.0,1.25,0.25,0.0,0.0,0
U03615,48,17,17,16,16,8,4,1,1,22,63,63,2.82,1.0,0.1667,0.0833,0.0208,0
U03617,10,5,4,4,4,0,1,0,0,105,105,105,2.5,1.25,0.0,0.1,0.0,0
U03619,74,26,26,25,25,14,6,1,1,77,86,86,2.85,1.0,0.1892,0.0811,0.0135,0
U03620,122,43,42,42,42,20,15,1,1,69,69,69,2.9,1.02,0.1639,0.123,0.0082,0
U03621,54,19,18,18,18,10,5,1,1,60,60,60,3.0,1.06,0.1852,0.0926,0.0185,0
U03623,55,18,17,17,17,14,5,1,0,44,44,44,3.24,1.06,0.2545,0.0909,0.0182,0
U03624,19,7,6,6,6,2,3,1,0,87,87,87,3.17,1.17,0.1053,0.1579,0.0526,0
U03625,46,17,16,16,16,6,6,1,0,70,70,70,2.88,1.06,0.1304,0.1304,0.0217,0
U03626,27,10,9,9,9,6,2,0,0,8,8,8,3.0,1.11,0.2222,0.0741,0.0,0
U03627,54,19,18,18,18,8,8,1,0,16,16,16,3.0,1.06,0.1481,0.1481,0.0185,0
U03628,16,6,5,5,5,2,3,0,0,49,49,49,3.2,1.2,0.125,0.1875,0.0,0
U03629,40,13,12,12,12,8,6,1,0,72,72,72,3.33,1.08,0.2,0.15,0.025,0
U03631,61,19,18,18,18,14,9,1,0,75,75,75,3.39,1.06,0.2295,0.1475,0.0164,0
U03632,48,16,15,15,15,13,3,1,0,0,0,0,3.2,1.07,0.2708,0.0625,0.0208,0
U03633,50,17,16,16,16,7,9,1,0,100,100,100,3.13,1.06,0.14,0.18,0.02,0
U03636,59,20,19,19,19,13,5,1,1,8,8,8,3.11,1.05,0.2203,0.0847,0.0169,0
U03637,46,14,14,13,13,9,7,1,1,15,81,81,3.29,1.0,0.1957,0.1522,0.0217,0
U03638,17,7,6,6,6,2,2,0,0,81,81,81,2.83,1.17,0.1176,0.1176,0.0,0
U03639,54,18,17,17,17,12,6,1,0,73,73,73,3.18,1.06,0.2222,0.1111,0.0185,0
U03640,15,5,4,4,4,4,2,0,0,48,48,48,3.75,1.25,0.2667,0.1333,0.0,0
U03642,46,15,14,14,14,7,9,1,0,62,62,62,3.29,1.07,0.1522,0.1957,0.0217,0
U03643,12,5,4,4,4,2,1,0,0,17,17,17,3.0,1.25,0.1667,0.0833,0.0,0
U03644,32,12,11,11,11,5,4,0,0,74,74,74,2.91,1.09,0.1563,0.125,0.0,0
U03645,87,30,29,29,29,19,8,1,0,86,86,86,3.0,1.03,0.2184,0.092,0.0115,0
U03646,28,9,8,8,8,6,3,1,1,0,0,0,3.5,1.13,0.2143,0.1071,0.0357,0
U03647,14,5,4,4,4,3,2,0,0,60,60,60,3.5,1.25,0.2143,0.1429,0.0,0
U03648,10,5,4,4,4,0,1,0,0,96,96,96,2.5,1.25,0.0,0.1,0.0,0
U03649,31,11,10,10,10,8,1,1,0,47,47,47,3.1,1.1,0.2581,0.0323,0.0323,0
U03650,14,6,5,5,5,2,1,0,0,108,108,108,2.8,1.2,0.1429,0.0714,0.0,0
U03652,12,4,3,3,3,3,2,0,0,51,51,51,4.0,1.33,0.25,0.1667,0.0,0
U03654,37,15,14,14,14,5,2,1,0,45,45,45,2.64,1.07,0.1351,0.0541,0.027,0
U03656,47,17,16,16,16,5,8,1,0,77,77,77,2.94,1.06,0.1064,0.1702,0.0213,0
U03658,133,44,43,43,43,28,16,1,1,51,51,51,3.09,1.02,0.2105,0.1203,0.0075,0
U03660,39,14,13,13,13,5,6,1,0,71,71,71,3.0,1.08,0.1282,0.1538,0.0256,0
U03663,10,4,3,3,3,3,0,0,0,68,68,68,3.33,1.33,0.3,0.0,0.0,0
U03664,15,5,4,4,4,3,1,1,1,112,112,112,3.75,1.25,0.2,0.0667,0.0667,0
U03665,32,11,10,10,10,6,5,0,0,25,25,25,3.2,1.1,0.1875,0.1563,0.0,0
U03669,24,9,8,8,8,5,2,0,0,3,3,3,3.0,1.13,0.2083,0.0833,0.0,0
U03670,33,12,11,11,11,6,3,1,0,68,68,68,3.0,1.09,0.1818,0.0909,0.0303,0
U03674,45,15,14,14,14,11,4,1,0,18,18,18,3.21,1.07,0.2444,0.0889,0.0222,0
U03675,17,7,6,6,6,1,3,0,0,40,40,40,2.83,1.17,0.0588,0.1765,0.0,0
U03676,49,16,15,15,15,11,6,1,0,96,96,96,3.27,1.07,0.2245,0.1224,0.0204,0
U03677,52,19,18,18,18,8,6,1,0,26,26,26,2.89,1.06,0.1538,0.1154,0.0192,0
U03678,56,18,17,17,17,11,8,1,1,9,9,9,3.29,1.06,0.1964,0.1429,0.0179,1
U03680,18,6,5,5,5,4,3,0,0,0,0,0,3.6,1.2,0.2222,0.1667,0.0,0
U03681,37,13,12,12,12,9,2,1,0,60,60,60,3.08,1.08,0.2432,0.0541,0.027,0
U03682,55,18,17,17,17,10,8,1,1,20,20,20,3.24,1.06,0.1818,0.1455,0.0182,0
U03684,7,3,2,2,2,2,0,0,0,0,0,0,3.5,1.5,0.2857,0.0,0.0,0
U03686,4,2,1,1,1,1,0,0,0,27,27,27,4.0,2.0,0.25,0.0,0.0,0
U03688,157,56,55,55,55,33,12,1,0,53,53,53,2.85,1.02,0.2102,0.0764,0.0064,0
U03689,41,14,13,13,13,7,6,1,0,48,48,48,3.15,1.08,0.1707,0.1463,0.0244,0
U03690,37,13,12,12,12,8,3,1,0,95,95,95,3.08,1.08,0.2162,0.0811,0.027,0
U03693,52,18,17,17,17,10,5,1,1,12,12,12,3.06,1.06,0.1923,0.0962,0.0192,0
U03694,29,10,9,9,9,5,5,0,0,41,41,41,3.22,1.11,0.1724,0.1724,0.0,0
U03695,18,7,6,6,6,4,1,0,0,55,55,55,3.0,1.17,0.2222,0.0556,0.0,0
U03697,130,43,42,42,42,27,16,1,1,0,0,0,3.1,1.02,0.2077,0.1231,0.0077,0
U03698,17,6,5,5,5,4,2,0,0,94,94,94,3.4,1.2,0.2353,0.1176,0.0,0
U03699,55,19,18,18,18,12,4,1,1,100,100,100,3.06,1.06,0.2182,0.0727,0.0182,0
U03700,30,10,9,9,9,7,4,0,0,16,16,16,3.33,1.11,0.2333,0.1333,0.0,0
U03702,102,34,33,33,33,21,12,1,1,36,36,36,3.09,1.03,0.2059,0.1176,0.0098,0
U03703,46,17,16,16,16,8,4,1,0,96,96,96,2.88,1.06,0.1739,0.087,0.0217,0
U03704,181,59,58,58,58,36,26,1,1,29,29,29,3.12,1.02,0.1989,0.1436,0.0055,1
U03706,103,36,35,35,35,18,12,1,1,74,74,74,2.94,1.03,0.1748,0.1165,0.0097,0
U03710,29,10,9,9,9,4,4,1,1,35,35,35,3.22,1.11,0.1379,0.1379,0.0345,1
U03711,170,58,58,57,57,34,18,1,1,24,60,60,2.93,1.0,0.2,0.1059,0.0059,0
U03713,8,3,2,2,2,2,1,0,0,64,64,64,4.0,1.5,0.25,0.125,0.0,0
U03714,19,8,7,7,7,3,1,0,0,108,108,108,2.71,1.14,0.1579,0.0526,0.0,0
U03720,67,21,20,20,20,15,9,1,1,17,17,17,3.35,1.05,0.2239,0.1343,0.0149,0
U03722,14,5,4,4,4,3,2,0,0,99,99,99,3.5,1.25,0.2143,0.1429,0.0,0
U03723,6,3,2,2,2,1,0,0,0,92,92,92,3.0,1.5,0.1667,0.0,0.0,0
U03725,27,10,9,9,9,4,4,0,0,95,95,95,3.0,1.11,0.1481,0.1481,0.0,0
U03726,11,4,3,3,3,2,2,0,0,40,40,40,3.67,1.33,0.1818,0.1818,0.0,0
U03727,62,22,21,21,21,12,5,1,1,16,16,16,2.95,1.05,0.1935,0.0806,0.0161,0
U03729,59,19,18,18,18,15,6,1,0,36,36,36,3.28,1.06,0.2542,0.1017,0.0169,0
U03730,129,43,42,42,42,25,17,1,1,1,1,1,3.07,1.02,0.1938,0.1318,0.0078,0
U03731,6,3,2,2,2,1,0,0,0,98,98,98,3.0,1.5,0.1667,0.0,0.0,0
U03732,23,8,7,7,7,4,4,0,0,62,62,62,3.29,1.14,0.1739,0.1739,0.0,0
U03733,14,5,4,4,4,4,1,0,0,21,21,21,3.5,1.25,0.2857,0.0714,0.0,0
U03737,37,14,13,13,13,2,7,1,0,16,16,16,2.85,1.08,0.0541,0.1892,0.027,0
U03738,31,12,11,11,11,3,4,1,0,65,65,65,2.82,1.09,0.0968,0.129,0.0323,0
U03739,30,10,9,9,9,5,4,1,1,104,104,104,3.33,1.11,0.1667,0.1333,0.0333,0
U03741,64,22,21,21,21,12,7,1,1,85,85,85,3.05,1.05,0.1875,0.1094,0.0156,0
U03742,44,15,14,14,14,9,5,1,0,60,60,60,3.14,1.07,0.2045,0.1136,0.0227,0
U03743,58,20,19,19,19,10,8,1,0,23,23,23,3.05,1.05,0.1724,0.1379,0.0172,0
U03744,144,50,49,49,49,27,17,1,0,56,56,56,2.94,1.02,0.1875,0.1181,0.0069,0
U03745,60,20,19,19,19,12,8,1,0,71,71,71,3.16,1.05,0.2,0.1333,0.0167,0
U03746,137,44,43,43,43,22,26,1,1,43,43,43,3.19,1.02,0.1606,0.1898,0.0073,0
U03747,14,5,4,4,4,3,2,0,0,0,0,0,3.5,1.25,0.2143,0.1429,0.0,0
U03748,64,20,19,19,19,17,6,1,1,40,40,40,3.37,1.05,0.2656,0.0938,0.0156,0
U03749,18,7,6,6,6,3,2,0,0,32,32,32,3.0,1.17,0.1667,0.1111,0.0,0
U03751,39,14,13,13,13,7,3,1,1,0,0,0,3.0,1.08,0.1795,0.0769,0.0256,0
U03753,63,20,19,19,19,15,8,1,0,25,25,25,3.32,1.05,0.2381,0.127,0.0159,0
U03754,6,2,1,1,1,1,1,1,0,33,33,33,6.0,2.0,0.1667,0.1667,0.1667,0
U03755,9,4,3,3,3,1,1,0,0,108,108,108,3.0,1.33,0.1111,0.1111,0.0,0
U03756,10,4,3,3,3,1,2,0,0,25,25,25,3.33,1.33,0.1,0.2,0.0,0
U03757,25,9,8,8,8,4,2,1,1,52,52,52,3.13,1.13,0.16,0.08,0.04,0
U03758,139,45,44,44,44,31,18,1,0,0,0,0,3.16,1.02,0.223,0.1295,0.0072,0
U03759,16,6,5,5,5,4,1,0,0,82,82,82,3.2,1.2,0.25,0.0625,0.0,0
U03760,32,11,10,10,10,7,4,0,0,83,83,83,3.2,1.1,0.2188,0.125,0.0,0
U03761,5,2,1,1,1,1,1,0,0,42,42,42,5.0,2.0,0.2,0.2,0.0,0
U03762,62,21,20,20,20,12,8,1,0,63,63,63,3.1,1.05,0.1935,0.129,0.0161,0
U03765,48,16,16,15,15,10,4,1,1,34,92,92,3.0,1.0,0.2083,0.0833,0.0208,0
U03766,10,4,3,3,3,1,1,1,0,0,0,0,3.33,1.33,0.1,0.1,0.1,0
U03767,12,5,4,4,4,2,1,0,0,26,26,26,3.0,1.25,0.1667,0.0833,0.0,0
U03768,24,9,8,8,8,5,2,0,0,0,0,0,3.0,1.13,0.2083,0.0833,0.0,0
U03769,8,3,2,2,2,2,1,0,0,0,0,0,4.0,1.5,0.25,0.125,0.0,0
U03770,30,10,9,9,9,5,4,1,1,0,0,0,3.33,1.11,0.1667,0.1333,0.0333,0
U03771,155,52,51,51,51,30,20,1,1,19,19,19,3.04,1.02,0.1935,0.129,0.0065,0
U03772,62,22,21,21,21,12,6,1,0,0,0,0,2.95,1.05,0.1935,0.0968,0.0161,0
U03773,37,14,13,13,13,7,3,0,0,107,107,107,2.85,1.08,0.1892,0.0811,0.0,0
U03775,79,27,26,26,26,18,6,1,1,0,0,0,3.04,1.04,0.2278,0.0759,0.0127,0
U03778,32,11,10,10,10,5,5,1,0,2,2,2,3.2,1.1,0.1563,0.1563,0.0313,0
U03780,18,6,5,5,5,4,1,1,1,0,0,0,3.6,1.2,0.2222,0.0556,0.0556,0
U03781,52,17,16,16,16,11,7,1,0,83,83,83,3.25,1.06,0.2115,0.1346,0.0192,0
U03782,72,25,24,24,24,14,7,1,1,83,83,83,3.0,1.04,0.1944,0.0972,0.0139,0
U03783,116,40,39,39,39,25,10,1,1,0,0,0,2.97,1.03,0.2155,0.0862,0.0086,0
U03784,8,3,2,2,2,1,1,1,0,73,73,73,4.0,1.5,0.125,0.125,0.125,0
U03785,172,59,58,58,58,32,21,1,1,15,15,15,2.97,1.02,0.186,0.1221,0.0058,0
U03786,146,51,50,50,50,29,15,1,0,7,7,7,2.92,1.02,0.1986,0.1027,0.0068,0
U03788,26,9,8,8,8,3,5,1,0,78,78,78,3.25,1.13,0.1154,0.1923,0.0385,0
U03789,48,17,16,16,16,8,6,1,0,26,26,26,3.0,1.06,0.1667,0.125,0.0208,0
U03790,88,33,32,32,32,11,11,1,0,78,78,78,2.75,1.03,0.125,0.125,0.0114,0
U03792,62,21,20,20,20,12,8,1,0,37,37,37,3.1,1.05,0.1935,0.129,0.0161,0
U03793,4,2,1,1,1,1,0,0,0,11,11,11,4.0,2.0,0.25,0.0,0.0,0
U03796,56,18,17,17,17,13,7,1,0,75,75,75,3.29,1.06,0.2321,0.125,0.0179,0
U03797,15,5,4,4,4,4,2,0,0,61,61,61,3.75,1.25,0.2667,0.1333,0.0,0
U03798,71,26,25,25,25,11,8,1,0,0,0,0,2.84,1.04,0.1549,0.1127,0.0141,0
U03803,7,3,2,2,2,1,1,0,0,90,90,90,3.5,1.5,0.1429,0.1429,0.0,0
U03804,62,20,19,19,19,13,9,1,0,77,77,77,3.26,1.05,0.2097,0.1452,0.0161,0
U03805,58,21,20,20,20,10,6,1,0,71,71,71,2.9,1.05,0.1724,0.1034,0.0172,0
U03807,11,5,4,4,4,2,0,0,0,33,33,33,2.75,1.25,0.1818,0.0,0.0,0
U03808,39,13,12,12,12,9,4,1,0,60,60,60,3.25,1.08,0.2308,0.1026,0.0256,0
U03809,11,5,4,4,4,1,1,0,0,0,0,0,2.75,1.25,0.0909,0.0909,0.0,0
U03810,24,9,8,8,8,3,3,1,0,64,64,64,3.0,1.13,0.125,0.125,0.0417,0
U03811,97,35,34,34,34,18,8,1,1,0,0,0,2.85,1.03,0.1856,0.0825,0.0103,0
U03813,95,31,30,30,30,20,13,1,0,19,19,19,3.17,1.03,0.2105,0.1368,0.0105,0
U03815,46,16,15,15,15,8,6,1,0,1,1,1,3.07,1.07,0.1739,0.1304,0.0217,0
U03816,15,6,5,5,5,2,1,1,0,55,55,55,3.0,1.2,0.1333,0.0667,0.0667,0
U03817,4,2,1,1,1,1,0,0,0,23,23,23,4.0,2.0,0.25,0.0,0.0,0
U03819,44,15,14,14,14,10,4,1,0,62,62,62,3.14,1.07,0.2273,0.0909,0.0227,0
U03820,6,3,2,2,2,0,0,1,0,0,0,0,3.0,1.5,0.0,0.0,0.1667,0
U03821,64,21,20,20,20,13,9,1,0,14,14,14,3.2,1.05,0.2031,0.1406,0.0156,0
U03823,37,12,11,11,11,6,7,1,0,32,32,32,3.36,1.09,0.1622,0.1892,0.027,0
U03824,50,17,16,16,16,8,8,1,0,47,47,47,3.13,1.06,0.16,0.16,0.02,0
U03825,28,10,9,9,9,3,6,0,0,77,77,77,3.11,1.11,0.1071,0.2143,0.0,0
U03828,42,15,14,14,14,7,4,1,1,55,55,55,3.0,1.07,0.1667,0.0952,0.0238,0
U03829,59,21,20,20,20,11,6,1,0,0,0,0,2.95,1.05,0.1864,0.1017,0.0169,0
U03830,8,3,2,2,2,2,1,0,0,0,0,0,4.0,1.5,0.25,0.125,0.0,0
U03831,50,16,15,15,15,9,8,1,1,22,22,22,3.33,1.07,0.18,0.16,0.02,0
U03833,53,17,17,16,16,12,5,1,1,58,75,75,3.12,1.0,0.2264,0.0943,0.0189,0
U03834,12,5,4,4,4,2,1,0,0,90,90,90,3.0,1.25,0.1667,0.0833,0.0,0
U03836,13,5,4,4,4,1,2,1,0,79,79,79,3.25,1.25,0.0769,0.1538,0.0769,0
U03838,43,13,12,12,12,9,8,1,0,0,0,0,3.58,1.08,0.2093,0.186,0.0233,0
U03839,54,19,18,18,18,11,6,0,0,34,34,34,3.0,1.06,0.2037,0.1111,0.0,0
U03840,50,17,16,16,16,9,7,1,0,92,92,92,3.13,1.06,0.18,0.14,0.02,0
U03841,31,10,9,9,9,5,5,1,1,18,18,18,3.44,1.11,0.1613,0.1613,0.0323,0
U03842,105,36,35,35,35,20,12,1,1,31,31,31,3.0,1.03,0.1905,0.1143,0.0095,0
U03845,11,4,3,3,3,3,1,0,0,77,77,77,3.67,1.33,0.2727,0.0909,0.0,0
U03846,125,43,42,42,42,24,14,1,1,12,12,12,2.98,1.02,0.192,0.112,0.008,0
U03847,144,47,46,46,46,34,15,1,1,41,41,41,3.13,1.02,0.2361,0.1042,0.0069,0
U03848,59,20,19,19,19,12,6,1,1,69,69,69,3.11,1.05,0.2034,0.1017,0.0169,0
U03849,125,44,43,43,43,26,10,1,1,32,32,32,2.91,1.02,0.208,0.08,0.008,0
U03850,5,2,1,1,1,1,0,1,0,46,46,46,5.0,2.0,0.2,0.0,0.2,0
U03852,36,10,10,9,9,9,5,1,1,32,81,81,3.6,1.0,0.25,0.1389,0.0278,0
U03853,22,7,6,6,6,6,2,1,0,56,56,56,3.67,1.17,0.2727,0.0909,0.0455,0
U03854,47,16,15,15,15,9,5,1,1,104,104,104,3.13,1.07,0.1915,0.1064,0.0213,0
U03855,16,5,4,4,4,3,3,1,0,30,30,30,4.0,1.25,0.1875,0.1875,0.0625,0
U03856,32,10,9,9,9,7,5,1,0,23,23,23,3.56,1.11,0.2188,0.1563,0.0313,0
U03857,6,3,2,2,2,1,0,0,0,92,92,92,3.0,1.5,0.1667,0.0,0.0,0
U03858,103,35,34,34,34,19,14,1,0,7,7,7,3.03,1.03,0.1845,0.1359,0.0097,0
U03859,54,19,18,18,18,10,6,1,0,95,95,95,3.0,1.06,0.1852,0.1111,0.0185,0
U03860,7,3,2,2,2,1,1,0,0,1,1,1,3.5,1.5,0.1429,0.1429,0.0,0
U03861,50,18,17,17,17,11,3,1,0,34,34,34,2.94,1.06,0.22,0.06,0.02,0
U03862,31,10,9,9,9,7,4,1,0,23,23,23,3.44,1.11,0.2258,0.129,0.0323,0
U03863,10,4,3,3,3,2,1,0,0,106,106,106,3.33,1.33,0.2,0.1,0.0,0
U03864,30,11,10,10,10,6,2,1,0,2,2,2,3.0,1.1,0.2,0.0667,0.0333,0
U03866,43,15,14,14,14,8,4,1,1,4,4,4,3.07,1.07,0.186,0.093,0.0233,1
U03867,38,14,13,13,13,7,3,1,0,35,35,35,2.92,1.08,0.1842,0.0789,0.0263,0
U03868,18,6,5,5,5,4,3,0,0,92,92,92,3.6,1.2,0.2222,0.1667,0.0,0
U03869,43,15,14,14,14,10,2,1,1,83,83,83,3.07,1.07,0.2326,0.0465,0.0233,0
U03870,88,31,30,30,30,16,9,1,1,0,0,0,2.93,1.03,0.1818,0.1023,0.0114,1
U03871,12,5,4,4,4,2,1,0,0,110,110,110,3.0,1.25,0.1667,0.0833,0.0,0
U03872,9,4,3,3,3,0,2,0,0,29,29,29,3.0,1.33,0.0,0.2222,0.0,0
U03876,169,59,58,58,58,33,18,1,0,19,19,19,2.91,1.02,0.1953,0.1065,0.0059,0
U03877,27,9,8,8,8,6,2,1,1,61,61,61,3.38,1.13,0.2222,0.0741,0.037,0
U03879,32,12,11,11,11,5,3,1,0,0,0,0,2.91,1.09,0.1563,0.0938,0.0313,0
U03880,52,17,16,16,16,14,3,1,1,21,21,21,3.25,1.06,0.2692,0.0577,0.0192,0
U03881,68,21,20,20,20,15,10,1,1,41,41,41,3.4,1.05,0.2206,0.1471,0.0147,1
U03884,47,15,14,14,14,9,7,1,1,65,65,65,3.36,1.07,0.1915,0.1489,0.0213,0
U03885,79,27,26,26,26,16,9,1,0,0,0,0,3.04,1.04,0.2025,0.1139,0.0127,0
U03886,19,7,6,6,6,4,2,0,0,27,27,27,3.17,1.17,0.2105,0.1053,0.0,0
U03888,59,19,18,18,18,13,8,1,0,24,24,24,3.28,1.06,0.2203,0.1356,0.0169,0
U03889,7,3,2,2,2,2,0,0,0,36,36,36,3.5,1.5,0.2857,0.0,0.0,0
U03890,60,20,19,19,19,13,7,1,0,31,31,31,3.16,1.05,0.2167,0.1167,0.0167,0
U03892,36,12,11,11,11,7,4,1,1,22,22,22,3.27,1.09,0.1944,0.1111,0.0278,0
U03893,63,20,19,19,19,15,8,1,0,87,87,87,3.32,1.05,0.2381,0.127,0.0159,0
U03895,4,2,1,1,1,1,0,0,0,109,109,109,4.0,2.0,0.25,0.0,0.0,0
U03896,4,2,1,1,1,0,1,0,0,92,92,92,4.0,2.0,0.0,0.25,0.0,0
U03897,32,11,10,10,10,6,4,1,0,8,8,8,3.2,1.1,0.1875,0.125,0.0313,0
U03898,135,45,44,44,44,30,15,1,0,68,68,68,3.07,1.02,0.2222,0.1111,0.0074,0
U03899,40,13,12,12,12,9,5,1,0,65,65,65,3.33,1.08,0.225,0.125,0.025,0
U03900,9,4,3,3,3,1,1,0,0,0,0,0,3.0,1.33,0.1111,0.1111,0.0,0
U03901,14,6,5,5,5,2,1,0,0,32,32,32,2.8,1.2,0.1429,0.0714,0.0,0
U03904,11,5,4,4,4,2,0,0,0,9,9,9,2.75,1.25,0.1818,0.0,0.0,0
U03905,14,5,4,4,4,3,2,0,0,108,108,108,3.5,1.25,0.2143,0.1429,0.0,0
U03908,117,41,40,40,40,22,13,1,0,74,74,74,2.92,1.02,0.188,0.1111,0.0085,0
U03910,54,19,18,18,18,11,5,1,0,25,25,25,3.0,1.06,0.2037,0.0926,0.0185,0
U03911,12,5,4,4,4,3,0,0,0,0,0,0,3.0,1.25,0.25,0.0,0.0,0
U03914,175,59,58,58,58,36,20,1,1,14,14,14,3.02,1.02,0.2057,0.1143,0.0057,1
U03915,48,18,17,17,17,9,4,0,0,59,59,59,2.82,1.06,0.1875,0.0833,0.0,0
U03916,37,15,14,14,14,4,4,0,0,40,40,40,2.64,1.07,0.1081,0.1081,0.0,0
U03917,23,7,6,6,6,6,3,1,0,43,43,43,3.83,1.17,0.2609,0.1304,0.0435,0
U03918,11,4,3,3,3,3,1,0,0,37,37,37,3.67,1.33,0.2727,0.0909,0.0,0
U03919,37,14,13,13,13,6,4,0,0,68,68,68,2.85,1.08,0.1622,0.1081,0.0,0
U03920,57,21,20,20,20,9,6,1,0,47,47,47,2.85,1.05,0.1579,0.1053,0.0175,0
U03921,38,13,12,12,12,7,4,1,1,65,65,65,3.17,1.08,0.1842,0.1053,0.0263,0
U03923,13,5,4,4,4,2,2,0,0,56,56,56,3.25,1.25,0.1538,0.1538,0.0,0
U03924,40,14,13,13,13,8,3,1,1,1,1,1,3.08,1.08,0.2,0.075,0.025,1
U03925,27,10,9,9,9,5,2,1,0,71,71,71,3.0,1.11,0.1852,0.0741,0.037,0
U03926,32,10,9,9,9,7,5,1,0,102,102,102,3.56,1.11,0.2188,0.1563,0.0313,0
U03928,40,14,13,13,13,6,6,1,0,52,52,52,3.08,1.08,0.15,0.15,0.025,0
U03930,76,26,25,25,25,14,10,1,0,0,0,0,3.04,1.04,0.1842,0.1316,0.0132,0
U03932,127,43,42,42,42,24,17,1,0,68,68,68,3.02,1.02,0.189,0.1339,0.0079,0
U03933,35,12,11,11,11,7,4,1,0,36,36,36,3.18,1.09,0.2,0.1143,0.0286,0
U03934,27,9,8,8,8,4,4,1,1,41,41,41,3.38,1.13,0.1481,0.1481,0.037,0
U03936,63,21,20,20,20,12,9,1,0,90,90,90,3.15,1.05,0.1905,0.1429,0.0159,0
U03940,47,17,16,16,16,8,4,1,1,57,57,57,2.94,1.06,0.1702,0.0851,0.0213,0
U03941,92,31,30,30,30,19,10,1,1,71,71,71,3.07,1.03,0.2065,0.1087,0.0109,0
U03942,98,32,32,31,31,21,11,1,1,34,73,73,3.06,1.0,0.2143,0.1122,0.0102,0
U03945,16,6,5,5,5,4,1,0,0,80,80,80,3.2,1.2,0.25,0.0625,0.0,0
U03948,39,14,13,13,13,9,2,1,0,29,29,29,3.0,1.08,0.2308,0.0513,0.0256,0
U03953,44,15,14,14,14,7,6,1,1,27,27,27,3.14,1.07,0.1591,0.1364,0.0227,0
U03954,55,19,18,18,18,9,8,1,0,80,80,80,3.06,1.06,0.1636,0.1455,0.0182,0
U03956,39,14,13,13,13,6,5,1,0,0,0,0,3.0,1.08,0.1538,0.1282,0.0256,0
U03957,15,6,5,5,5,3,1,0,0,14,14,14,3.0,1.2,0.2,0.0667,0.0,0
U03958,25,8,7,7,7,5,5,0,0,0,0,0,3.57,1.14,0.2,0.2,0.0,0
U03960,22,8,7,7,7,4,2,1,0,55,55,55,3.14,1.14,0.1818,0.0909,0.0455,0
U03963,53,18,17,17,17,11,6,1,0,29,29,29,3.12,1.06,0.2075,0.1132,0.0189,0
U03964,37,12,11,11,11,7,5,1,1,61,61,61,3.36,1.09,0.1892,0.1351,0.027,0
U03965,25,8,7,7,7,5,4,1,0,96,96,96,3.57,1.14,0.2,0.16,0.04,0
U03966,50,18,17,17,17,9,5,1,0,63,63,63,2.94,1.06,0.18,0.1,0.02,0
U03967,18,6,5,5,5,4,2,1,0,107,107,107,3.6,1.2,0.2222,0.1111,0.0556,0
U03968,53,18,17,17,17,11,6,1,0,26,26,26,3.12,1.06,0.2075,0.1132,0.0189,0
U03969,109,38,37,37,37,16,16,1,1,67,67,67,2.95,1.03,0.1468,0.1468,0.0092,0
U03974,53,19,18,18,18,9,7,0,0,68,68,68,2.94,1.06,0.1698,0.1321,0.0,0
U03976,7,3,2,2,2,1,1,0,0,8,8,8,3.5,1.5,0.1429,0.1429,0.0,0
U03977,42,15,14,14,14,8,3,1,1,106,106,106,3.0,1.07,0.1905,0.0714,0.0238,0
U03978,7,3,2,2,2,1,1,0,0,36,36,36,3.5,1.5,0.1429,0.1429,0.0,0
U03980,33,11,10,10,10,5,5,1,1,5,5,5,3.3,1.1,0.1515,0.1515,0.0303,1
U03982,149,49,48,48,48,31,19,1,1,31,31,31,3.1,1.02,0.2081,0.1275,0.0067,0
U03984,119,41,40,40,40,19,17,1,1,9,9,9,2.98,1.02,0.1597,0.1429,0.0084,0
U03986,39,14,13,13,13,7,3,1,1,57,57,57,3.0,1.08,0.1795,0.0769,0.0256,0
U03987,56,20,19,19,19,9,6,1,1,0,0,0,2.95,1.05,0.1607,0.1071,0.0179,0
U03988,88,30,29,29,29,16,12,1,0,73,73,73,3.03,1.03,0.1818,0.1364,0.0114,0
U03989,134,46,45,45,45,26,16,1,0,7,7,7,2.98,1.02,0.194,0.1194,0.0075,0
U03991,42,13,12,12,12,9,7,1,0,32,32,32,3.5,1.08,0.2143,0.1667,0.0238,0
U03993,47,17,16,16,16,6,6,1,1,90,90,90,2.94,1.06,0.1277,0.1277,0.0213,0
U03994,13,5,4,4,4,2,2,0,0,80,80,80,3.25,1.25,0.1538,0.1538,0.0,0
U03996,46,16,15,15,15,10,4,1,0,87,87,87,3.07,1.07,0.2174,0.087,0.0217,0
U04000,60,20,19,19,19,12,8,1,0,0,0,0,3.16,1.05,0.2,0.1333,0.0167,0
U04001,65,21,20,20,20,14,9,1,0,96,96,96,3.25,1.05,0.2154,0.1385,0.0154,0
U04003,32,11,10,10,10,8,3,0,0,109,109,109,3.2,1.1,0.25,0.0938,0.0,0
U04006,16,5,4,4,4,4,1,1,1,1,1,1,4.0,1.25,0.25,0.0625,0.0625,0
U04007,137,48,47,47,47,27,13,1,1,55,55,55,2.91,1.02,0.1971,0.0949,0.0073,0
U04008,125,42,41,41,41,22,18,1,1,2,2,2,3.05,1.02,0.176,0.144,0.008,0
U04009,132,45,44,44,44,24,17,1,1,18,18,18,3.0,1.02,0.1818,0.1288,0.0076,0
U04010,177,61,60,60,60,35,20,1,0,29,29,29,2.95,1.02,0.1977,0.113,0.0056,0
U04011,141,48,47,47,47,31,13,1,1,0,0,0,3.0,1.02,0.2199,0.0922,0.0071,0
U04012,18,6,5,5,5,4,3,0,0,37,37,37,3.6,1.2,0.2222,0.1667,0.0,0
U04014,40,13,12,12,12,9,5,1,0,90,90,90,3.33,1.08,0.225,0.125,0.025,0
U04016,62,22,21,21,21,11,6,1,1,71,71,71,2.95,1.05,0.1774,0.0968,0.0161,0
U04018,10,3,2,2,2,1,2,1,1,0,0,0,5.0,1.5,0.1,0.2,0.1,0
U04020,6,3,2,2,2,1,0,0,0,90,90,90,3.0,1.5,0.1667,0.0,0.0,0
U04021,22,9,8,8,8,3,1,1,0,93,93,93,2.75,1.13,0.1364,0.0455,0.0455,0
U04023,34,11,10,10,10,6,6,1,0,83,83,83,3.4,1.1,0.1765,0.1765,0.0294,0
U04024,22,8,7,7,7,6,0,1,0,56,56,56,3.14,1.14,0.2727,0.0,0.0455,0
U04025,47,18,17,17,17,8,4,0,0,89,89,89,2.76,1.06,0.1702,0.0851,0.0,0
U04026,45,17,16,16,16,8,3,1,0,52,52,52,2.81,1.06,0.1778,0.0667,0.0222,0
U04027,37,12,11,11,11,8,5,1,0,28,28,28,3.36,1.09,0.2162,0.1351,0.027,0
U04028,10,4,3,3,3,3,0,0,0,33,33,33,3.33,1.33,0.3,0.0,0.0,0
U04029,3,2,1,1,1,0,0,0,0,81,81,81,3.0,2.0,0.0,0.0,0.0,0
U04030,36,12,12,11,11,9,1,1,1,42,99,99,3.0,1.0,0.25,0.0278,0.0278,0
U04032,9,4,3,3,3,2,0,0,0,0,0,0,3.0,1.33,0.2222,0.0,0.0,0
U04033,29,9,8,8,8,5,6,1,0,43,43,43,3.63,1.13,0.1724,0.2069,0.0345,0
U04034,42,14,13,13,13,8,6,1,0,35,35,35,3.23,1.08,0.1905,0.1429,0.0238,0
U04035,75,28,27,27,27,13,5,1,1,0,0,0,2.78,1.04,0.1733,0.0667,0.0133,0
U04036,52,17,16,16,16,12,6,1,0,16,16,16,3.25,1.06,0.2308,0.1154,0.0192,0
U04038,147,51,50,50,50,31,13,1,1,15,15,15,2.94,1.02,0.2109,0.0884,0.0068,0
U04039,13,5,4,4,4,3,1,0,0,96,96,96,3.25,1.25,0.2308,0.0769,0.0,0
U04040,158,54,53,53,53,28,21,1,1,41,41,41,2.98,1.02,0.1772,0.1329,0.0063,0
U04041,109,37,36,36,36,23,11,1,1,0,0,0,3.03,1.03,0.211,0.1009,0.0092,0
U04042,59,20,19,19,19,15,4,1,0,54,54,54,3.11,1.05,0.2542,0.0678,0.0169,0
U04043,54,19,18,18,18,11,5,1,0,52,52,52,3.0,1.06,0.2037,0.0926,0.0185,0
U04044,5,3,2,2,2,0,0,0,0,25,25,25,2.5,1.5,0.0,0.0,0.0,0
U04046,57,19,18,18,18,13,5,1,1,0,0,0,3.17,1.06,0.2281,0.0877,0.0175,0
U04047,41,14,13,13,13,9,4,1,0,45,45,45,3.15,1.08,0.2195,0.0976,0.0244,0
U04048,20,7,6,6,6,5,2,0,0,42,42,42,3.33,1.17,0.25,0.1,0.0,0
U04051,148,49,48,48,48,30,19,1,1,54,54,54,3.08,1.02,0.2027,0.1284,0.0068,0
U04054,13,4,3,3,3,3,2,1,0,60,60,60,4.33,1.33,0.2308,0.1538,0.0769,0
U04057,114,39,38,38,38,21,14,1,1,71,71,71,3.0,1.03,0.1842,0.1228,0.0088,0
U04058,107,35,34,34,34,22,14,1,1,16,16,16,3.15,1.03,0.2056,0.1308,0.0093,0
U04059,13,5,4,4,4,3,1,0,0,12,12,12,3.25,1.25,0.2308,0.0769,0.0,0
U04060,42,15,14,14,14,10,1,1,1,0,0,0,3.0,1.07,0.2381,0.0238,0.0238,0
U04061,98,32,31,31,31,20,13,1,1,42,42,42,3.16,1.03,0.2041,0.1327,0.0102,0
U04062,67,23,22,22,22,12,8,1,1,0,0,0,3.05,1.05,0.1791,0.1194,0.0149,0
U04065,6,3,2,2,2,1,0,0,0,108,108,108,3.0,1.5,0.1667,0.0,0.0,0
U04068,13,5,4,4,4,2,0,1,1,15,15,15,3.25,1.25,0.1538,0.0,0.0769,0
U04069,70,24,23,23,23,11,10,1,1,0,0,0,3.04,1.04,0.1571,0.1429,0.0143,0
U04070,37,12,11,11,11,8,5,1,0,20,20,20,3.36,1.09,0.2162,0.1351,0.027,0
U04072,26,9,8,8,8,5,4,0,0,62,62,62,3.25,1.13,0.1923,0.1538,0.0,0
U04074,8,3,2,2,2,1,2,0,0,4,4,4,4.0,1.5,0.125,0.25,0.0,0
U04075,31,11,10,10,10,4,5,1,0,77,77,77,3.1,1.1,0.129,0.1613,0.0323,0
U04077,35,12,11,11,11,8,3,1,0,38,38,38,3.18,1.09,0.2286,0.0857,0.0286,0
U04078,41,15,14,14,14,7,4,1,0,96,96,96,2.93,1.07,0.1707,0.0976,0.0244,0
U04079,135,46,45,45,45,28,14,1,1,63,63,63,3.0,1.02,0.2074,0.1037,0.0074,0
U04080,65,23,22,22,22,13,6,1,0,11,11,11,2.95,1.05,0.2,0.0923,0.0154,0
U04081,13,5,4,4,4,2,2,0,0,0,0,0,3.25,1.25,0.1538,0.1538,0.0,0
U04083,53,18,17,17,17,10,6,1,1,16,16,16,3.12,1.06,0.1887,0.1132,0.0189,0
U04087,158,53,51,51,51,37,15,1,1,0,0,0,3.1,1.04,0.2342,0.0949,0.0063,0
U04088,9,4,3,3,3,1,1,0,0,114,114,114,3.0,1.33,0.1111,0.1111,0.0,0
U04089,6,3,2,2,2,0,1,0,0,53,53,53,3.0,1.5,0.0,0.1667,0.0,0
U04090,14,5,4,4,4,2,2,1,0,101,101,101,3.5,1.25,0.1429,0.1429,0.0714,0
U04092,52,16,15,15,15,12,7,1,1,70,70,70,3.47,1.07,0.2308,0.1346,0.0192,0
U04094,10,3,2,2,2,1,2,1,1,6,6,6,5.0,1.5,0.1,0.2,0.1,0
U04096,19,7,6,6,6,3,3,0,0,56,56,56,3.17,1.17,0.1579,0.1579,0.0,0
U04097,52,17,16,16,16,11,7,1,0,93,93,93,3.25,1.06,0.2115,0.1346,0.0192,0
U04098,33,11,10,10,10,8,3,1,0,102,102,102,3.3,1.1,0.2424,0.0909,0.0303,0
U04101,6,2,1,1,1,0,1,1,1,59,59,59,6.0,2.0,0.0,0.1667,0.1667,0
U04102,45,14,13,13,13,9,7,1,1,21,21,21,3.46,1.08,0.2,0.1556,0.0222,1
U04103,5,2,1,1,1,1,1,0,0,18,18,18,5.0,2.0,0.2,0.2,0.0,0
U04105,38,12,11,11,11,11,4,0,0,0,0,0,3.45,1.09,0.2895,0.1053,0.0,0
U04107,18,7,6,6,6,2,2,1,0,83,83,83,3.0,1.17,0.1111,0.1111,0.0556,0
U04109,7,3,2,2,2,2,0,0,0,104,104,104,3.5,1.5,0.2857,0.0,0.0,0
U04111,141,47,46,46,46,27,19,1,1,7,7,7,3.07,1.02,0.1915,0.1348,0.0071,0
U04112,124,41,40,40,40,23,18,1,1,31,31,31,3.1,1.02,0.1855,0.1452,0.0081,0
U04114,27,9,8,8,8,6,3,1,0,104,104,104,3.38,1.13,0.2222,0.1111,0.037,0
U04116,55,19,18,18,18,11,6,1,0,16,16,16,3.06,1.06,0.2,0.1091,0.0182,0
U04117,56,20,19,19,19,10,6,1,0,77,77,77,2.95,1.05,0.1786,0.1071,0.0179,0
U04118,56,17,16,16,16,11,11,1,0,102,102,102,3.5,1.06,0.1964,0.1964,0.0179,0
U04120,55,18,17,17,17,12,7,1,0,10,10,10,3.24,1.06,0.2182,0.1273,0.0182,0
U04122,29,10,9,9,9,6,3,1,0,45,45,45,3.22,1.11,0.2069,0.1034,0.0345,0
U04123,19,6,5,5,5,5,2,1,0,89,89,89,3.8,1.2,0.2632,0.1053,0.0526,0
U04125,14,6,5,5,5,1,1,1,0,0,0,0,2.8,1.2,0.0714,0.0714,0.0714,0
U04126,136,45,44,44,44,34,11,1,1,72,72,72,3.09,1.02,0.25,0.0809,0.0074,0
U04127,3,2,1,1,1,0,0,0,0,33,33,33,3.0,2.0,0.0,0.0,0.0,0
U04128,58,19,18,18,18,12,7,1,1,41,41,41,3.22,1.06,0.2069,0.1207,0.0172,0
U04129,32,10,9,9,9,5,6,1,1,77,77,77,3.56,1.11,0.1563,0.1875,0.0313,0
U04130,29,10,9,9,9,4,5,1,0,0,0,0,3.22,1.11,0.1379,0.1724,0.0345,0
U04131,65,20,19,19,19,14,10,1,1,31,31,31,3.42,1.05,0.2154,0.1538,0.0154,0
U04132,7,3,2,2,2,1,1,0,0,89,89,89,3.5,1.5,0.1429,0.1429,0.0,0
U04133,40,13,12,12,12,8,6,1,0,51,51,51,3.33,1.08,0.2,0.15,0.025,0
U04134,54,21,20,20,20,8,4,1,0,74,74,74,2.7,1.05,0.1481,0.0741,0.0185,0
U04135,29,9,8,8,8,6,4,1,1,19,19,19,3.63,1.13,0.2069,0.1379,0.0345,0
U04137,20,7,6,6,6,4,3,0,0,99,99,99,3.33,1.17,0.2,0.15,0.0,0
U04138,51,19,18,18,18,9,4,1,0,21,21,21,2.83,1.06,0.1765,0.0784,0.0196,0
U04139,27,10,9,9,9,4,2,1,1,0,0,0,3.0,1.11,0.1481,0.0741,0.037,0
U04142,124,42,41,41,41,21,18,1,1,15,15,15,3.02,1.02,0.1694,0.1452,0.0081,0
U04143,31,11,10,10,10,4,5,1,0,37,37,37,3.1,1.1,0.129,0.1613,0.0323,0
U04146,56,18,17,17,17,13,7,1,0,46,46,46,3.29,1.06,0.2321,0.125,0.0179,0
U04148,32,12,11,11,11,7,2,0,0,33,33,33,2.91,1.09,0.2188,0.0625,0.0,0
U04149,49,18,17,17,17,8,5,1,0,0,0,0,2.88,1.06,0.1633,0.102,0.0204,0
U04150,29,9,8,8,8,7,3,1,1,44,44,44,3.63,1.13,0.2414,0.1034,0.0345,0
U04151,25,10,9,9,9,3,3,0,0,89,89,89,2.78,1.11,0.12,0.12,0.0,0
U04152,4,2,1,1,1,1,0,0,0,34,34,34,4.0,2.0,0.25,0.0,0.0,0
U04154,38,13,12,12,12,8,5,0,0,97,97,97,3.17,1.08,0.2105,0.1316,0.0,0
U04155,112,39,38,38,38,23,10,1,1,28,28,28,2.95,1.03,0.2054,0.0893,0.0089,0
U04157,29,10,9,9,9,6,3,1,0,50,50,50,3.22,1.11,0.2069,0.1034,0.0345,0
U04158,24,8,7,7,7,2,5,1,1,18,18,18,3.43,1.14,0.0833,0.2083,0.0417,1
U04159,35,13,12,12,12,5,4,1,0,13,13,13,2.92,1.08,0.1429,0.1143,0.0286,0
U04160,53,17,16,16,16,13,5,1,1,51,51,51,3.31,1.06,0.2453,0.0943,0.0189,0
U04161,51,18,17,17,17,5,9,1,1,5,5,5,3.0,1.06,0.098,0.1765,0.0196,0
U04163,68,21,20,20,20,14,12,1,0,18,18,18,3.4,1.05,0.2059,0.1765,0.0147,0
U04164,23,8,7,7,7,5,2,1,0,103,103,103,3.29,1.14,0.2174,0.087,0.0435,0
U04166,58,19,18,18,18,9,10,1,1,86,86,86,3.22,1.06,0.1552,0.1724,0.0172,0
U04168,35,14,13,13,13,7,1,0,0,83,83,83,2.69,1.08,0.2,0.0286,0.0,0
U04169,16,6,5,5,5,4,1,0,0,10,10,10,3.2,1.2,0.25,0.0625,0.0,0
U04170,22,7,6,6,6,5,3,1,0,61,61,61,3.67,1.17,0.2273,0.1364,0.0455,0
U04171,23,8,7,7,7,5,3,0,0,83,83,83,3.29,1.14,0.2174,0.1304,0.0,0
U04172,54,20,19,19,19,8,5,1,1,38,38,38,2.84,1.05,0.1481,0.0926,0.0185,0
U04174,12,4,3,3,3,1,2,1,1,0,0,0,4.0,1.33,0.0833,0.1667,0.0833,0
U04176,55,18,17,17,17,10,8,1,1,95,95,95,3.24,1.06,0.1818,0.1455,0.0182,0
U04177,36,12,11,11,11,8,4,1,0,42,42,42,3.27,1.09,0.2222,0.1111,0.0278,0
U04178,12,5,4,4,4,0,2,1,0,15,15,15,3.0,1.25,0.0,0.1667,0.0833,0
U04180,26,9,8,8,8,6,2,1,0,4,4,4,3.25,1.13,0.2308,0.0769,0.0385,0
U04181,96,33,32,32,32,19,10,1,1,49,49,49,3.0,1.03,0.1979,0.1042,0.0104,0
U04182,7,3,2,2,2,1,1,0,0,92,92,92,3.5,1.5,0.1429,0.1429,0.0,0
U04183,46,14,13,13,13,11,7,1,0,58,58,58,3.54,1.08,0.2391,0.1522,0.0217,0
U04186,52,18,17,17,17,8,8,1,0,103,103,103,3.06,1.06,0.1538,0.1538,0.0192,0
U04187,38,13,12,12,12,7,6,0,0,76,76,76,3.17,1.08,0.1842,0.1579,0.0,0
U04188,33,12,11,11,11,8,2,0,0,80,80,80,3.0,1.09,0.2424,0.0606,0.0,0
U04189,7,3,2,2,2,1,1,0,0,114,114,114,3.5,1.5,0.1429,0.1429,0.0,0
U04191,30,9,8,8,8,7,4,1,1,69,69,69,3.75,1.13,0.2333,0.1333,0.0333,0
U04192,13,5,4,4,4,3,1,0,0,113,113,113,3.25,1.25,0.2308,0.0769,0.0,0
U04193,46,14,13,13,13,11,8,0,0,0,0,0,3.54,1.08,0.2391,0.1739,0.0,0
U04194,13,5,4,4,4,3,1,0,0,13,13,13,3.25,1.25,0.2308,0.0769,0.0,0
U04195,26,9,8,8,8,6,2,1,0,109,109,109,3.25,1.13,0.2308,0.0769,0.0385,0
U04197,25,8,7,7,7,5,3,1,1,74,74,74,3.57,1.14,0.2,0.12,0.04,0
U04198,55,19,18,18,18,10,6,1,1,79,79,79,3.06,1.06,0.1818,0.1091,0.0182,0
U04199,33,11,10,10,10,6,4,1,1,73,73,73,3.3,1.1,0.1818,0.1212,0.0303,0
U04200,18,7,6,6,6,4,1,0,0,65,65,65,3.0,1.17,0.2222,0.0556,0.0,0
U04203,66,22,21,21,21,14,7,1,1,71,71,71,3.14,1.05,0.2121,0.1061,0.0152,0
U04204,42,16,15,15,15,5,5,1,0,90,90,90,2.8,1.07,0.119,0.119,0.0238,0
U04205,74,25,24,24,24,14,9,1,1,42,42,42,3.08,1.04,0.1892,0.1216,0.0135,0
U04206,53,19,18,18,18,8,7,1,0,14,14,14,2.94,1.06,0.1509,0.1321,0.0189,0
U04207,53,18,17,17,17,12,5,1,0,71,71,71,3.12,1.06,0.2264,0.0943,0.0189,0
U04208,51,18,17,17,17,10,5,1,0,100,100,100,3.0,1.06,0.1961,0.098,0.0196,0
U04209,82,30,29,29,29,15,6,1,1,0,0,0,2.83,1.03,0.1829,0.0732,0.0122,0
U04210,53,19,18,18,18,11,4,1,0,4,4,4,2.94,1.06,0.2075,0.0755,0.0189,0
U04211,106,35,34,34,34,22,14,1,0,65,65,65,3.12,1.03,0.2075,0.1321,0.0094,0
U04213,10,4,3,3,3,3,0,0,0,93,93,93,3.33,1.33,0.3,0.0,0.0,0
U04214,13,5,4,4,4,2,2,0,0,56,56,56,3.25,1.25,0.1538,0.1538,0.0,0
U04217,63,20,19,19,19,15,7,1,1,19,19,19,3.32,1.05,0.2381,0.1111,0.0159,0
U04218,52,18,17,17,17,9,6,1,1,7,7,7,3.06,1.06,0.1731,0.1154,0.0192,0
U04220,6,3,2,2,2,0,1,0,0,94,94,94,3.0,1.5,0.0,0.1667,0.0,0
U04221,4,2,1,1,1,0,1,0,0,92,92,92,4.0,2.0,0.0,0.25,0.0,0
U04222,60,19,18,18,18,14,8,1,0,98,98,98,3.33,1.06,0.2333,0.1333,0.0167,0
U04223,64,21,20,20,20,16,6,1,0,25,25,25,3.2,1.05,0.25,0.0938,0.0156,0
U04224,113,40,39,39,39,19,14,1,0,55,55,55,2.9,1.03,0.1681,0.1239,0.0088,0
U04225,27,9,8,8,8,4,4,1,1,95,95,95,3.38,1.13,0.1481,0.1481,0.037,0
U04227,63,21,20,20,20,16,4,1,1,20,20,20,3.15,1.05,0.254,0.0635,0.0159,1
U04229,52,19,18,18,18,8,7,0,0,18,18,18,2.89,1.06,0.1538,0.1346,0.0,0
U04230,44,16,15,15,15,8,4,1,0,52,52,52,2.93,1.07,0.1818,0.0909,0.0227,0
U04231,145,49,48,48,48,27,19,1,1,20,20,20,3.02,1.02,0.1862,0.131,0.0069,0
U04233,67,21,20,20,20,14,10,1,1,56,56,56,3.35,1.05,0.209,0.1493,0.0149,0
U04237,48,19,18,18,18,8,1,1,1,10,10,10,2.67,1.06,0.1667,0.0208,0.0208,1
U04238,43,15,14,14,14,5,7,1,1,6,6,6,3.07,1.07,0.1163,0.1628,0.0233,0
U04240,16,6,5,5,5,3,1,1,0,0,0,0,3.2,1.2,0.1875,0.0625,0.0625,0
U04241,4,2,1,1,1,0,1,0,0,36,36,36,4.0,2.0,0.0,0.25,0.0,0
U04243,8,4,3,3,3,0,1,0,0,53,53,53,2.67,1.33,0.0,0.125,0.0,0
U04244,12,5,4,4,4,3,0,0,0,116,116,116,3.0,1.25,0.25,0.0,0.0,0
U04245,18,6,5,5,5,4,1,1,1,62,62,62,3.6,1.2,0.2222,0.0556,0.0556,0
U04246,33,11,10,10,10,7,4,1,0,9,9,9,3.3,1.1,0.2121,0.1212,0.0303,0
U04247,16,6,5,5,5,5,0,0,0,96,96,96,3.2,1.2,0.3125,0.0,0.0,0
U04249,7,3,2,2,2,1,1,0,0,14,14,14,3.5,1.5,0.1429,0.1429,0.0,0
U04251,25,8,7,7,7,4,5,1,0,53,53,53,3.57,1.14,0.16,0.2,0.04,0
U04256,58,20,19,19,19,11,7,1,0,4,4,4,3.05,1.05,0.1897,0.1207,0.0172,0
U04258,46,14,13,13,13,11,7,1,0,74,74,74,3.54,1.08,0.2391,0.1522,0.0217,0
U04259,55,19,18,18,18,11,6,1,0,1,1,1,3.06,1.06,0.2,0.1091,0.0182,0
U04260,45,16,15,15,15,5,7,1,1,97,97,97,3.0,1.07,0.1111,0.1556,0.0222,0
U04263,103,36,35,35,35,21,9,1,1,26,26,26,2.94,1.03,0.2039,0.0874,0.0097,1
U04264,24,8,7,7,7,5,4,0,0,23,23,23,3.43,1.14,0.2083,0.1667,0.0,0
U04265,60,20,19,19,19,15,4,1,1,17,17,17,3.16,1.05,0.25,0.0667,0.0167,0
U04267,62,20,19,19,19,13,9,1,0,48,48,48,3.26,1.05,0.2097,0.1452,0.0161,0
U04269,24,8,7,7,7,6,2,1,0,45,45,45,3.43,1.14,0.25,0.0833,0.0417,0
U04271,14,5,4,4,4,2,2,1,0,101,101,101,3.5,1.25,0.1429,0.1429,0.0714,0
U04272,5,2,1,1,1,1,1,0,0,16,16,16,5.0,2.0,0.2,0.2,0.0,0
U04273,114,39,38,38,38,20,15,1,1,69,69,69,3.0,1.03,0.1754,0.1316,0.0088,0
U04274,39,13,12,12,12,9,4,1,0,65,65,65,3.25,1.08,0.2308,0.1026,0.0256,0
U04275,25,9,8,8,8,5,2,1,0,59,59,59,3.13,1.13,0.2,0.08,0.04,0
U04277,15,6,5,5,5,2,1,1,0,6,6,6,3.0,1.2,0.1333,0.0667,0.0667,0
U04278,124,44,43,43,43,20,15,1,1,17,17,17,2.88,1.02,0.1613,0.121,0.0081,0
U04279,53,18,17,17,17,12,5,1,0,4,4,4,3.12,1.06,0.2264,0.0943,0.0189,0
U04281,32,11,11,10,10,7,1,1,1,61,109,109,2.91,1.0,0.2188,0.0313,0.0313,0
U04283,56,19,18,18,18,9,8,1,1,52,52,52,3.11,1.06,0.1607,0.1429,0.0179,0
U04285,31,10,9,9,9,7,3,1,1,80,80,80,3.44,1.11,0.2258,0.0968,0.0323,0
U04287,6,3,2,2,2,0,1,0,0,0,0,0,3.0,1.5,0.0,0.1667,0.0,0
U04288,63,21,20,20,20,15,5,1,1,83,83,83,3.15,1.05,0.2381,0.0794,0.0159,0
U04291,18,7,6,6,6,4,1,0,0,114,114,114,3.0,1.17,0.2222,0.0556,0.0,0
U04296,49,17,17,16,16,10,3,1,1,14,50,50,2.88,1.0,0.2041,0.0612,0.0204,0
U04298,4,2,1,1,1,1,0,0,0,102,102,102,4.0,2.0,0.25,0.0,0.0,0
U04299,22,8,7,7,7,5,2,0,0,88,88,88,3.14,1.14,0.2273,0.0909,0.0,0
U04300,14,5,4,4,4,2,1,1,1,0,0,0,3.5,1.25,0.1429,0.0714,0.0714,0
U04301,56,21,20,20,20,9,5,1,0,15,15,15,2.8,1.05,0.1607,0.0893,0.0179,0
U04302,35,12,11,11,11,5,5,1,1,60,60,60,3.18,1.09,0.1429,0.1429,0.0286,0
U04303,18,6,5,5,5,3,3,1,0,93,93,93,3.6,1.2,0.1667,0.1667,0.0556,0
U04304,154,52,51,51,51,32,17,1,1,56,56,56,3.02,1.02,0.2078,0.1104,0.0065,0
U04305,22,8,7,7,7,4,1,1,1,45,45,45,3.14,1.14,0.1818,0.0455,0.0455,0
U04306,38,13,12,12,12,6,7,0,0,0,0,0,3.17,1.08,0.1579,0.1842,0.0,0
U04308,61,19,19,18,18,12,9,1,1,0,57,57,3.21,1.0,0.1967,0.1475,0.0164,0
U04309,113,39,38,38,38,22,12,1,1,38,38,38,2.97,1.03,0.1947,0.1062,0.0088,0
U04312,22,7,6,6,6,5,3,1,0,0,0,0,3.67,1.17,0.2273,0.1364,0.0455,0
U04313,7,3,2,2,2,2,0,0,0,74,74,74,3.5,1.5,0.2857,0.0,0.0,0
U04315,46,17,16,16,16,9,3,1,0,38,38,38,2.88,1.06,0.1957,0.0652,0.0217,0
U04316,34,11,10,10,10,8,4,1,0,56,56,56,3.4,1.1,0.2353,0.1176,0.0294,0
U04318,31,12,11,11,11,6,1,1,0,103,103,103,2.82,1.09,0.1935,0.0323,0.0323,0
U04319,55,19,18,18,18,10,7,1,0,58,58,58,3.06,1.06,0.1818,0.1273,0.0182,0
U04320,64,21,20,20,20,15,6,1,1,28,28,28,3.2,1.05,0.2344,0.0938,0.0156,0
U04321,149,48,47,47,47,33,19,1,1,0,0,0,3.17,1.02,0.2215,0.1275,0.0067,0
U04322,11,4,3,3,3,2,2,0,0,3,3,3,3.67,1.33,0.1818,0.1818,0.0,0
U04323,11,5,4,4,4,2,0,0,0,1,1,1,2.75,1.25,0.1818,0.0,0.0,0
U04324,18,7,6,6,6,3,2,0,0,30,30,30,3.0,1.17,0.1667,0.1111,0.0,0
U04325,51,20,19,19,19,9,2,1,0,30,30,30,2.68,1.05,0.1765,0.0392,0.0196,0
U04326,49,16,15,15,15,12,5,1,0,72,72,72,3.27,1.07,0.2449,0.102,0.0204,0
U04327,33,11,10,10,10,7,4,1,0,0,0,0,3.3,1.1,0.2121,0.1212,0.0303,0
U04328,10,5,4,4,4,1,0,0,0,79,79,79,2.5,1.25,0.1,0.0,0.0,0
U04329,31,11,10,10,10,6,2,1,1,52,52,52,3.1,1.1,0.1935,0.0645,0.0323,0
U04330,37,13,12,12,12,8,3,1,0,88,88,88,3.08,1.08,0.2162,0.0811,0.027,0
U04332,121,42,41,41,41,19,17,1,1,75,75,75,2.95,1.02,0.157,0.1405,0.0083,0
U04333,43,16,15,15,15,7,4,1,0,105,105,105,2.87,1.07,0.1628,0.093,0.0233,0
U04334,3,2,1,1,1,0,0,0,0,98,98,98,3.0,2.0,0.0,0.0,0.0,0
U04335,45,16,15,15,15,10,3,1,0,105,105,105,3.0,1.07,0.2222,0.0667,0.0222,0
U04337,26,9,8,8,8,5,4,0,0,21,21,21,3.25,1.13,0.1923,0.1538,0.0,0
U04338,50,18,17,17,17,7,7,1,0,56,56,56,2.94,1.06,0.14,0.14,0.02,0
U04339,48,16,15,15,15,11,4,1,1,5,5,5,3.2,1.07,0.2292,0.0833,0.0208,0
U04341,45,15,14,14,14,10,4,1,1,0,0,0,3.21,1.07,0.2222,0.0889,0.0222,1
U04343,27,9,8,8,8,5,4,1,0,45,45,45,3.38,1.13,0.1852,0.1481,0.037,0
U04344,85,29,28,28,28,18,8,1,1,0,0,0,3.04,1.04,0.2118,0.0941,0.0118,0
U04345,21,8,7,7,7,3,1,1,1,21,21,21,3.0,1.14,0.1429,0.0476,0.0476,0
U04346,153,51,50,50,50,31,19,1,1,31,31,31,3.06,1.02,0.2026,0.1242,0.0065,0
U04348,16,6,5,5,5,3,2,0,0,51,51,51,3.2,1.2,0.1875,0.125,0.0,0
U04350,11,4,3,3,3,2,2,0,0,94,94,94,3.67,1.33,0.1818,0.1818,0.0,0
U04351,41,14,13,13,13,8,4,1,1,0,0,0,3.15,1.08,0.1951,0.0976,0.0244,0
U04352,36,13,12,12,12,7,3,1,0,105,105,105,3.0,1.08,0.1944,0.0833,0.0278,0
U04353,61,22,21,21,21,12,4,1,1,71,71,71,2.9,1.05,0.1967,0.0656,0.0164,0
U04354,59,20,19,19,19,13,6,1,0,33,33,33,3.11,1.05,0.2203,0.1017,0.0169,0
U04355,66,22,21,21,21,12,10,1,0,25,25,25,3.14,1.05,0.1818,0.1515,0.0152,0
U04357,4,2,1,1,1,1,0,0,0,17,17,17,4.0,2.0,0.25,0.0,0.0,0
U04359,14,4,3,3,3,3,3,1,0,107,107,107,4.67,1.33,0.2143,0.2143,0.0714,0
U04360,15,5,4,4,4,4,1,1,0,0,0,0,3.75,1.25,0.2667,0.0667,0.0667,0
U04361,160,57,56,56,56,25,20,1,1,34,34,34,2.86,1.02,0.1563,0.125,0.0063,0
U04364,58,18,17,17,17,12,9,1,1,82,82,82,3.41,1.06,0.2069,0.1552,0.0172,0
U04365,59,21,20,20,20,10,6,1,1,7,7,7,2.95,1.05,0.1695,0.1017,0.0169,0
U04368,7,3,2,2,2,1,1,0,0,0,0,0,3.5,1.5,0.1429,0.1429,0.0,0
U04370,17,6,5,5,5,2,4,0,0,86,86,86,3.4,1.2,0.1176,0.2353,0.0,0
U04373,128,45,44,44,44,26,11,1,1,48,48,48,2.91,1.02,0.2031,0.0859,0.0078,0
U04374,28,8,7,7,7,6,5,1,1,48,48,48,4.0,1.14,0.2143,0.1786,0.0357,0
U04376,42,15,14,14,14,8,3,1,1,102,102,102,3.0,1.07,0.1905,0.0714,0.0238,0
U04380,25,8,7,7,7,4,4,1,1,94,94,94,3.57,1.14,0.16,0.16,0.04,0
U04383,49,17,16,16,16,8,6,1,1,43,43,43,3.06,1.06,0.1633,0.1224,0.0204,0
U04384,62,21,20,20,20,15,4,1,1,54,54,54,3.1,1.05,0.2419,0.0645,0.0161,0
U04385,46,17,16,16,16,9,3,1,0,25,25,25,2.88,1.06,0.1957,0.0652,0.0217,0
U04386,7,3,2,2,2,1,1,0,0,70,70,70,3.5,1.5,0.1429,0.1429,0.0,0
U04387,17,6,5,5,5,2,3,1,0,85,85,85,3.4,1.2,0.1176,0.1765,0.0588,0
U04389,11,5,4,4,4,2,0,0,0,106,106,106,2.75,1.25,0.1818,0.0,0.0,0
U04390,29,11,10,10,10,5,3,0,0,0,0,0,2.9,1.1,0.1724,0.1034,0.0,0
U04392,15,5,4,4,4,4,2,0,0,83,83,83,3.75,1.25,0.2667,0.1333,0.0,0
U04393,54,20,19,19,19,12,2,1,0,100,100,100,2.84,1.05,0.2222,0.037,0.0185,0
U04395,12,5,4,4,4,2,0,1,0,84,84,84,3.0,1.25,0.1667,0.0,0.0833,0
U04397,43,15,14,14,14,10,4,0,0,86,86,86,3.07,1.07,0.2326,0.093,0.0,0
U04398,7,3,2,2,2,1,1,0,0,32,32,32,3.5,1.5,0.1429,0.1429,0.0,0
U04399,9,4,3,3,3,2,0,0,0,32,32,32,3.0,1.33,0.2222,0.0,0.0,0
U04400,28,9,9,8,8,5,3,1,1,42,84,84,3.11,1.0,0.1786,0.1071,0.0357,0
U04402,53,18,17,17,17,12,4,1,1,59,59,59,3.12,1.06,0.2264,0.0755,0.0189,0
U04403,65,21,20,20,20,12,11,1,0,17,17,17,3.25,1.05,0.1846,0.1692,0.0154,0
U04404,33,12,11,11,11,6,2,1,1,53,53,53,3.0,1.09,0.1818,0.0606,0.0303,0
U04405,7,3,2,2,2,1,1,0,0,47,47,47,3.5,1.5,0.1429,0.1429,0.0,0
U04406,54,20,19,19,19,11,2,1,1,54,54,54,2.84,1.05,0.2037,0.037,0.0185,0
U04407,49,18,17,17,17,7,6,1,0,100,100,100,2.88,1.06,0.1429,0.1224,0.0204,0
U04408,67,23,22,22,22,14,6,1,1,77,77,77,3.05,1.05,0.209,0.0896,0.0149,0
U04409,11,5,4,4,4,1,1,0,0,74,74,74,2.75,1.25,0.0909,0.0909,0.0,0
U04410,39,13,12,12,12,8,5,1,0,85,85,85,3.25,1.08,0.2051,0.1282,0.0256,0
U04411,29,11,10,10,10,5,3,0,0,23,23,23,2.9,1.1,0.1724,0.1034,0.0,0
U04413,53,18,17,17,17,10,6,1,1,25,25,25,3.12,1.06,0.1887,0.1132,0.0189,1
U04415,61,21,20,20,20,11,7,1,1,86,86,86,3.05,1.05,0.1803,0.1148,0.0164,0
U04416,37,13,12,12,12,6,5,1,0,85,85,85,3.08,1.08,0.1622,0.1351,0.027,0
U04417,62,21,20,20,20,14,6,1,0,43,43,43,3.1,1.05,0.2258,0.0968,0.0161,0
U04418,8,3,2,2,2,1,1,1,0,0,0,0,4.0,1.5,0.125,0.125,0.125,0
U04419,6,3,2,2,2,0,1,0,0,107,107,107,3.0,1.5,0.0,0.1667,0.0,0
U04420,11,5,4,4,4,2,0,0,0,81,81,81,2.75,1.25,0.1818,0.0,0.0,0
U04421,38,11,10,10,10,8,8,1,0,11,11,11,3.8,1.1,0.2105,0.2105,0.0263,0
U04422,15,6,5,5,5,4,0,0,0,25,25,25,3.0,1.2,0.2667,0.0,0.0,0
U04426,45,14,13,13,13,10,6,1,1,62,62,62,3.46,1.08,0.2222,0.1333,0.0222,1
U04427,6,3,2,2,2,1,0,0,0,57,57,57,3.0,1.5,0.1667,0.0,0.0,0
U04428,48,17,16,16,16,9,4,1,1,69,69,69,3.0,1.06,0.1875,0.0833,0.0208,0
U04429,61,21,20,20,20,11,8,1,0,56,56,56,3.05,1.05,0.1803,0.1311,0.0164,0
U04431,105,33,32,32,32,22,16,1,1,42,42,42,3.28,1.03,0.2095,0.1524,0.0095,0
U04432,9,4,3,3,3,2,0,0,0,16,16,16,3.0,1.33,0.2222,0.0,0.0,0
U04433,21,8,7,7,7,4,1,1,0,100,100,100,3.0,1.14,0.1905,0.0476,0.0476,0
U04435,57,20,19,19,19,12,5,1,0,95,95,95,3.0,1.05,0.2105,0.0877,0.0175,0
U04437,4,2,1,1,1,1,0,0,0,96,96,96,4.0,2.0,0.25,0.0,0.0,0
U04438,34,11,10,10,10,6,5,1,1,21,21,21,3.4,1.1,0.1765,0.1471,0.0294,1
U04439,81,29,28,28,28,17,5,1,1,84,84,84,2.89,1.04,0.2099,0.0617,0.0123,0
U04442,32,13,12,12,12,4,1,1,1,85,85,85,2.67,1.08,0.125,0.0313,0.0313,0
U04443,3,2,1,1,1,0,0,0,0,119,119,119,3.0,2.0,0.0,0.0,0.0,0
U04446,30,10,9,9,9,6,3,1,1,107,107,107,3.33,1.11,0.2,0.1,0.0333,0
U04449,47,16,15,15,15,6,8,1,1,0,0,0,3.13,1.07,0.1277,0.1702,0.0213,0
U04450,51,18,17,17,17,10,6,0,0,38,38,38,3.0,1.06,0.1961,0.1176,0.0,0
U04452,45,16,15,15,15,8,5,1,0,41,41,41,3.0,1.07,0.1778,0.1111,0.0222,0
U04453,109,39,38,38,38,21,9,1,1,55,55,55,2.87,1.03,0.1927,0.0826,0.0092,0
U04454,15,6,5,5,5,3,1,0,0,108,108,108,3.0,1.2,0.2,0.0667,0.0,0
U04458,17,7,6,6,6,3,1,0,0,42,42,42,2.83,1.17,0.1765,0.0588,0.0,0
U04459,10,5,4,4,4,1,0,0,0,50,50,50,2.5,1.25,0.1,0.0,0.0,0
U04460,18,7,6,6,6,3,2,0,0,19,19,19,3.0,1.17,0.1667,0.1111,0.0,0
U04462,19,7,6,6,6,4,2,0,0,90,90,90,3.17,1.17,0.2105,0.1053,0.0,0
U04463,125,43,42,42,42,22,16,1,1,19,19,19,2.98,1.02,0.176,0.128,0.008,0
U04464,4,2,1,1,1,1,0,0,0,51,51,51,4.0,2.0,0.25,0.0,0.0,0
U04465,4,2,1,1,1,0,1,0,0,25,25,25,4.0,2.0,0.0,0.25,0.0,0
U04466,78,28,27,27,27,17,5,1,0,0,0,0,2.89,1.04,0.2179,0.0641,0.0128,0
U04467,46,16,16,15,15,7,5,1,1,18,93,93,2.88,1.0,0.1522,0.1087,0.0217,0
U04469,6,3,2,2,2,0,1,0,0,107,107,107,3.0,1.5,0.0,0.1667,0.0,0
U04470,17,7,6,6,6,3,1,0,0,26,26,26,2.83,1.17,0.1765,0.0588,0.0,0
U04472,16,6,5,5,5,4,1,0,0,35,35,35,3.2,1.2,0.25,0.0625,0.0,0
U04473,10,4,3,3,3,3,0,0,0,98,98,98,3.33,1.33,0.3,0.0,0.0,0
U04476,7,4,3,3,3,0,0,0,0,0,0,0,2.33,1.33,0.0,0.0,0.0,0
U04477,42,14,13,13,13,8,5,1,1,5,5,5,3.23,1.08,0.1905,0.119,0.0238,0
U04478,20,7,6,6,6,5,2,0,0,99,99,99,3.33,1.17,0.25,0.1,0.0,0
U04480,27,9,9,8,8,5,2,1,1,58,92,92,3.0,1.0,0.1852,0.0741,0.037,0
U04483,65,21,20,20,20,14,8,1,1,62,62,62,3.25,1.05,0.2154,0.1231,0.0154,0
U04484,61,20,20,19,19,12,7,1,1,14,39,39,3.05,1.0,0.1967,0.1148,0.0164,0
U04486,11,4,3,3,3,1,3,0,0,107,107,107,3.67,1.33,0.0909,0.2727,0.0,0
U04487,53,18,17,17,17,12,4,1,1,62,62,62,3.12,1.06,0.2264,0.0755,0.0189,0
U04488,4,2,1,1,1,0,0,1,0,33,33,33,4.0,2.0,0.0,0.0,0.25,0
U04489,51,18,17,17,17,10,4,1,1,26,26,26,3.0,1.06,0.1961,0.0784,0.0196,0
U04490,19,7,6,6,6,2,4,0,0,34,34,34,3.17,1.17,0.1053,0.2105,0.0,0
U04492,12,5,4,4,4,2,0,1,0,19,19,19,3.0,1.25,0.1667,0.0,0.0833,0
U04494,35,12,11,11,11,7,3,1,1,0,0,0,3.18,1.09,0.2,0.0857,0.0286,0
U04497,111,38,37,37,37,25,9,1,1,0,0,0,3.0,1.03,0.2252,0.0811,0.009,1
U04500,17,7,6,6,6,2,1,1,0,54,54,54,2.83,1.17,0.1176,0.0588,0.0588,0
U04502,11,4,3,3,3,3,1,0,0,107,107,107,3.67,1.33,0.2727,0.0909,0.0,0
U04503,145,45,44,44,44,37,17,1,1,50,50,50,3.3,1.02,0.2552,0.1172,0.0069,0
U04505,11,4,3,3,3,2,2,0,0,52,52,52,3.67,1.33,0.1818,0.1818,0.0,0
U04506,6,3,2,2,2,1,0,0,0,101,101,101,3.0,1.5,0.1667,0.0,0.0,0
U04507,18,6,5,5,5,4,3,0,0,96,96,96,3.6,1.2,0.2222,0.1667,0.0,0
U04508,157,54,53,53,53,29,20,1,0,62,62,62,2.96,1.02,0.1847,0.1274,0.0064,0
U04510,10,4,3,3,3,2,0,1,0,48,48,48,3.33,1.33,0.2,0.0,0.1,0
U04511,58,20,20,19,19,12,4,1,1,36,76,76,2.9,1.0,0.2069,0.069,0.0172,0
U04512,62,19,18,18,18,16,8,1,0,75,75,75,3.44,1.06,0.2581,0.129,0.0161,0
U04513,4,2,1,1,1,1,0,0,0,100,100,100,4.0,2.0,0.25,0.0,0.0,0
U04514,51,18,17,17,17,5,9,1,1,48,48,48,3.0,1.06,0.098,0.1765,0.0196,0
U04516,19,7,6,6,6,4,2,0,0,57,57,57,3.17,1.17,0.2105,0.1053,0.0,0
U04520,135,45,44,44,44,28,16,1,1,41,41,41,3.07,1.02,0.2074,0.1185,0.0074,0
U04521,7,3,2,2,2,1,1,0,0,118,118,118,3.5,1.5,0.1429,0.1429,0.0,0
U04523,14,6,5,5,5,3,0,0,0,43,43,43,2.8,1.2,0.2143,0.0,0.0,0
U04524,56,18,17,17,17,12,7,1,1,40,40,40,3.29,1.06,0.2143,0.125,0.0179,0
U04526,60,20,19,19,19,12,7,1,1,66,66,66,3.16,1.05,0.2,0.1167,0.0167,0
U04527,40,14,13,13,13,10,1,1,1,70,70,70,3.08,1.08,0.25,0.025,0.025,0
U04528,41,14,13,13,13,11,2,1,0,34,34,34,3.15,1.08,0.2683,0.0488,0.0244,0
U04532,13,5,4,4,4,2,2,0,0,103,103,103,3.25,1.25,0.1538,0.1538,0.0,0
U04535,161,56,55,55,55,28,20,1,1,56,56,56,2.93,1.02,0.1739,0.1242,0.0062,0
U04536,116,37,36,36,36,26,15,1,1,46,46,46,3.22,1.03,0.2241,0.1293,0.0086,0
U04540,54,17,17,16,16,11,7,1,1,41,98,98,3.18,1.0,0.2037,0.1296,0.0185,0
U04541,13,4,3,3,3,3,2,1,0,61,61,61,4.33,1.33,0.2308,0.1538,0.0769,0
U04542,7,3,2,2,2,1,1,0,0,115,115,115,3.5,1.5,0.1429,0.1429,0.0,0
U04543,174,60,59,59,59,35,18,1,1,51,51,51,2.95,1.02,0.2011,0.1034,0.0057,0
U04547,10,4,3,3,3,1,1,1,0,0,0,0,3.33,1.33,0.1,0.1,0.1,0
U04548,12,5,4,4,4,2,1,0,0,6,6,6,3.0,1.25,0.1667,0.0833,0.0,0
U04550,101,34,33,33,33,20,12,1,1,0,0,0,3.06,1.03,0.198,0.1188,0.0099,0
U04551,57,19,18,18,18,13,6,1,0,64,64,64,3.17,1.06,0.2281,0.1053,0.0175,0
U04554,5,3,2,2,2,0,0,0,0,36,36,36,2.5,1.5,0.0,0.0,0.0,0
U04555,31,10,9,9,9,6,4,1,1,8,8,8,3.44,1.11,0.1935,0.129,0.0323,0
U04558,55,20,19,19,19,8,7,1,0,1,1,1,2.89,1.05,0.1455,0.1273,0.0182,0
U04559,59,21,20,20,20,9,7,1,1,94,94,94,2.95,1.05,0.1525,0.1186,0.0169,0
U04560,50,17,16,16,16,11,5,1,0,100,100,100,3.13,1.06,0.22,0.1,0.02,0
U04561,61,21,20,20,20,11,8,1,0,100,100,100,3.05,1.05,0.1803,0.1311,0.0164,0
U04562,18,8,7,7,7,2,1,0,0,54,54,54,2.57,1.14,0.1111,0.0556,0.0,0
U04565,43,16,16,15,15,6,3,1,1,45,94,94,2.69,1.0,0.1395,0.0698,0.0233,0
U04566,35,11,10,10,10,10,2,1,1,51,51,51,3.5,1.1,0.2857,0.0571,0.0286,0
U04567,55,17,16,16,16,11,9,1,1,86,86,86,3.44,1.06,0.2,0.1636,0.0182,0
U04570,9,4,3,3,3,1,1,0,0,51,51,51,3.0,1.33,0.1111,0.1111,0.0,0
U04572,70,24,23,23,23,14,7,1,1,0,0,0,3.04,1.04,0.2,0.1,0.0143,0
U04574,22,8,7,7,7,4,2,1,0,101,101,101,3.14,1.14,0.1818,0.0909,0.0455,0
U04575,42,13,12,12,12,9,6,1,1,13,13,13,3.5,1.08,0.2143,0.1429,0.0238,0
U04577,33,12,11,11,11,5,4,1,0,90,90,90,3.0,1.09,0.1515,0.1212,0.0303,0
U04578,13,4,3,3,3,3,3,0,0,113,113,113,4.33,1.33,0.2308,0.2308,0.0,0
U04581,4,2,1,1,1,1,0,0,0,103,103,103,4.0,2.0,0.25,0.0,0.0,0
U04583,7,4,3,3,3,0,0,0,0,0,0,0,2.33,1.33,0.0,0.0,0.0,0
U04584,29,12,11,11,11,3,2,1,0,0,0,0,2.64,1.09,0.1034,0.069,0.0345,0
U04586,53,18,17,17,17,12,5,1,0,57,57,57,3.12,1.06,0.2264,0.0943,0.0189,0
U04587,13,5,4,4,4,2,2,0,0,0,0,0,3.25,1.25,0.1538,0.1538,0.0,0
U04589,10,5,4,4,4,1,0,0,0,8,8,8,2.5,1.25,0.1,0.0,0.0,0
U04590,14,6,5,5,5,2,1,0,0,100,100,100,2.8,1.2,0.1429,0.0714,0.0,0
U04591,4,2,1,1,1,1,0,0,0,10,10,10,4.0,2.0,0.25,0.0,0.0,0
U04592,62,21,20,20,20,15,4,1,1,33,33,33,3.1,1.05,0.2419,0.0645,0.0161,0
U04593,11,4,3,3,3,3,1,0,0,58,58,58,3.67,1.33,0.2727,0.0909,0.0,0
U04595,11,4,3,3,3,3,1,0,0,40,40,40,3.67,1.33,0.2727,0.0909,0.0,0
U04596,18,7,6,6,6,3,1,1,0,42,42,42,3.0,1.17,0.1667,0.0556,0.0556,0
U04599,46,16,15,15,15,9,5,1,0,8,8,8,3.07,1.07,0.1957,0.1087,0.0217,0
U04600,56,20,19,19,19,10,6,1,0,93,93,93,2.95,1.05,0.1786,0.1071,0.0179,0
U04602,4,2,1,1,1,1,0,0,0,94,94,94,4.0,2.0,0.25,0.0,0.0,0
U04603,59,20,19,19,19,12,6,1,1,0,0,0,3.11,1.05,0.2034,0.1017,0.0169,1
U04604,36,12,11,11,11,9,4,0,0,53,53,53,3.27,1.09,0.25,0.1111,0.0,0
U04606,55,18,17,17,17,14,6,0,0,6,6,6,3.24,1.06,0.2545,0.1091,0.0,0
U04608,28,10,9,9,9,3,4,1,1,29,29,29,3.11,1.11,0.1071,0.1429,0.0357,0
U04609,94,30,29,29,29,20,13,1,1,0,0,0,3.24,1.03,0.2128,0.1383,0.0106,0
U04610,184,61,60,60,60,43,19,1,0,41,41,41,3.07,1.02,0.2337,0.1033,0.0054,0
U04611,38,14,13,13,13,5,5,1,0,63,63,63,2.92,1.08,0.1316,0.1316,0.0263,0
U04612,20,8,7,7,7,3,1,1,0,111,111,111,2.86,1.14,0.15,0.05,0.05,0
U04613,11,5,4,4,4,1,1,0,0,85,85,85,2.75,1.25,0.0909,0.0909,0.0,0
U04614,66,22,21,21,21,11,10,1,1,0,0,0,3.14,1.05,0.1667,0.1515,0.0152,0
U04615,80,24,23,23,23,17,14,1,1,67,67,67,3.48,1.04,0.2125,0.175,0.0125,0
U04616,138,51,50,50,50,28,8,1,0,51,51,51,2.76,1.02,0.2029,0.058,0.0072,0
U04619,124,44,43,43,43,21,14,1,1,0,0,0,2.88,1.02,0.1694,0.1129,0.0081,1
U04620,14,5,4,4,4,3,2,0,0,8,8,8,3.5,1.25,0.2143,0.1429,0.0,0
U04622,19,7,6,6,6,2,4,0,0,113,113,113,3.17,1.17,0.1053,0.2105,0.0,0
U04623,44,15,14,14,14,11,3,1,0,75,75,75,3.14,1.07,0.25,0.0682,0.0227,0
U04625,86,29,28,28,28,18,9,1,1,0,0,0,3.07,1.04,0.2093,0.1047,0.0116,0
U04628,28,10,9,9,9,7,2,0,0,97,97,97,3.11,1.11,0.25,0.0714,0.0,0
U04629,10,4,3,3,3,2,1,0,0,17,17,17,3.33,1.33,0.2,0.1,0.0,0
U04630,60,20,19,19,19,12,7,1,1,52,52,52,3.16,1.05,0.2,0.1167,0.0167,0
U04633,19,6,5,5,5,4,2,1,1,85,85,85,3.8,1.2,0.2105,0.1053,0.0526,0
U04635,58,21,20,20,20,9,6,1,1,33,33,33,2.9,1.05,0.1552,0.1034,0.0172,0
U04639,26,9,8,8,8,5,4,0,0,26,26,26,3.25,1.13,0.1923,0.1538,0.0,0
U04640,14,6,5,5,5,2,1,0,0,49,49,49,2.8,1.2,0.1429,0.0714,0.0,0
U04641,4,2,1,1,1,1,0,0,0,98,98,98,4.0,2.0,0.25,0.0,0.0,0
U04642,42,14,13,13,13,7,6,1,1,9,9,9,3.23,1.08,0.1667,0.1429,0.0238,0
U04643,25,8,7,7,7,6,2,1,1,104,104,104,3.57,1.14,0.24,0.08,0.04,0
U04644,35,12,11,11,11,8,4,0,0,54,54,54,3.18,1.09,0.2286,0.1143,0.0,0
U04648,9,3,2,2,2,1,1,1,1,23,23,23,4.5,1.5,0.1111,0.1111,0.1111,0
U04649,57,20,19,19,19,12,4,1,1,45,45,45,3.0,1.05,0.2105,0.0702,0.0175,0
U04650,14,6,5,5,5,1,2,0,0,8,8,8,2.8,1.2,0.0714,0.1429,0.0,0
U04652,66,23,22,22,22,12,7,1,1,91,91,91,3.0,1.05,0.1818,0.1061,0.0152,0
U04653,3,2,1,1,1,0,0,0,0,117,117,117,3.0,2.0,0.0,0.0,0.0,0
U04654,54,20,19,19,19,12,1,1,1,12,12,12,2.84,1.05,0.2222,0.0185,0.0185,0
U04655,28,10,9,9,9,6,3,0,0,72,72,72,3.11,1.11,0.2143,0.1071,0.0,0
U04657,9,4,3,3,3,1,1,0,0,42,42,42,3.0,1.33,0.1111,0.1111,0.0,0
U04658,127,43,42,42,42,25,15,1,1,20,20,20,3.02,1.02,0.1969,0.1181,0.0079,0
U04659,60,21,20,20,20,11,6,1,1,30,30,30,3.0,1.05,0.1833,0.1,0.0167,0
U04660,99,34,33,33,33,21,10,1,0,66,66,66,3.0,1.03,0.2121,0.101,0.0101,0
U04661,6,3,2,2,2,1,0,0,0,88,88,88,3.0,1.5,0.1667,0.0,0.0,0
U04662,17,7,6,6,6,3,1,0,0,2,2,2,2.83,1.17,0.1765,0.0588,0.0,0
U04664,59,19,18,18,18,15,6,1,0,0,0,0,3.28,1.06,0.2542,0.1017,0.0169,0
U04665,54,20,19,19,19,10,4,1,0,101,101,101,2.84,1.05,0.1852,0.0741,0.0185,0
U04666,22,7,6,6,6,6,1,1,1,0,0,0,3.67,1.17,0.2727,0.0455,0.0455,0
U04669,35,12,11,11,11,6,5,1,0,7,7,7,3.18,1.09,0.1714,0.1429,0.0286,0
U04672,15,5,4,4,4,3,3,0,0,24,24,24,3.75,1.25,0.2,0.2,0.0,0
U04674,44,15,14,14,14,11,3,1,0,0,0,0,3.14,1.07,0.25,0.0682,0.0227,0
U04676,14,5,4,4,4,2,3,0,0,14,14,14,3.5,1.25,0.1429,0.2143,0.0,0
U04677,54,18,17,17,17,10,8,1,0,41,41,41,3.18,1.06,0.1852,0.1481,0.0185,0
U04678,175,59,58,58,58,31,25,1,1,26,26,26,3.02,1.02,0.1771,0.1429,0.0057,0
U04679,6,3,2,2,2,1,0,0,0,74,74,74,3.0,1.5,0.1667,0.0,0.0,0
U04680,19,8,7,7,7,3,1,0,0,98,98,98,2.71,1.14,0.1579,0.0526,0.0,0
U04684,8,4,3,3,3,1,0,0,0,112,112,112,2.67,1.33,0.125,0.0,0.0,0
U04686,154,53,52,52,52,28,20,1,0,64,64,64,2.96,1.02,0.1818,0.1299,0.0065,0
U04690,9,4,3,3,3,1,0,1,0,89,89,89,3.0,1.33,0.1111,0.0,0.1111,0
U04692,106,37,36,36,36,16,15,1,1,0,0,0,2.94,1.03,0.1509,0.1415,0.0094,0
U04693,41,13,12,12,12,9,5,1,1,54,54,54,3.42,1.08,0.2195,0.122,0.0244,0
U04696,59,21,20,20,20,9,8,1,0,51,51,51,2.95,1.05,0.1525,0.1356,0.0169,0
U04697,67,20,19,19,19,17,9,1,1,95,95,95,3.53,1.05,0.2537,0.1343,0.0149,0
U04698,169,59,58,58,58,32,19,1,0,38,38,38,2.91,1.02,0.1893,0.1124,0.0059,0
U04700,172,59,58,58,58,37,17,1,0,4,4,4,2.97,1.02,0.2151,0.0988,0.0058,0
U04701,10,4,3,3,3,2,1,0,0,115,115,115,3.33,1.33,0.2,0.1,0.0,0
U04702,15,5,4,4,4,3,3,0,0,55,55,55,3.75,1.25,0.2,0.2,0.0,0
U04703,62,20,19,19,19,14,8,1,0,0,0,0,3.26,1.05,0.2258,0.129,0.0161,0
U04704,29,11,10,10,10,4,2,1,1,0,0,0,2.9,1.1,0.1379,0.069,0.0345,0
U04705,31,11,10,10,10,5,4,1,0,0,0,0,3.1,1.1,0.1613,0.129,0.0323,0
U04706,88,31,30,30,30,16,9,1,1,80,80,80,2.93,1.03,0.1818,0.1023,0.0114,0
U04707,20,7,6,6,6,2,5,0,0,0,0,0,3.33,1.17,0.1,0.25,0.0,0
U04710,60,19,18,18,18,14,7,1,1,75,75,75,3.33,1.06,0.2333,0.1167,0.0167,0
U04711,24,8,7,7,7,3,6,0,0,69,69,69,3.43,1.14,0.125,0.25,0.0,0
U04712,58,19,18,18,18,12,7,1,1,15,15,15,3.22,1.06,0.2069,0.1207,0.0172,0
U04714,22,8,7,7,7,5,0,1,1,70,70,70,3.14,1.14,0.2273,0.0,0.0455,0
U04715,31,10,9,9,9,6,5,1,0,0,0,0,3.44,1.11,0.1935,0.1613,0.0323,0
U04716,48,17,16,16,16,11,3,1,0,36,36,36,3.0,1.06,0.2292,0.0625,0.0208,0
U04717,108,35,34,34,34,24,13,1,1,0,0,0,3.18,1.03,0.2222,0.1204,0.0093,1
U04718,64,21,20,20,20,16,5,1,1,0,0,0,3.2,1.05,0.25,0.0781,0.0156,0
U04720,41,14,13,13,13,6,6,1,1,94,94,94,3.15,1.08,0.1463,0.1463,0.0244,0
U04721,8,3,2,2,2,1,1,1,0,79,79,79,4.0,1.5,0.125,0.125,0.125,0
U04722,6,3,2,2,2,1,0,0,0,46,46,46,3.0,1.5,0.1667,0.0,0.0,0
U04723,52,19,18,18,18,7,7,1,0,19,19,19,2.89,1.06,0.1346,0.1346,0.0192,0
U04725,24,8,7,7,7,6,3,0,0,5,5,5,3.43,1.14,0.25,0.125,0.0,0
U04726,31,12,11,11,11,3,4,1,0,105,105,105,2.82,1.09,0.0968,0.129,0.0323,0
U04727,152,50,49,49,49,31,21,1,0,2,2,2,3.1,1.02,0.2039,0.1382,0.0066,0
U04728,12,4,3,3,3,3,2,0,0,112,112,112,4.0,1.33,0.25,0.1667,0.0,0
U04730,29,10,9,9,9,4,6,0,0,29,29,29,3.22,1.11,0.1379,0.2069,0.0,0
U04731,10,4,3,3,3,1,2,0,0,67,67,67,3.33,1.33,0.1,0.2,0.0,0
U04733,43,17,16,16,16,7,2,1,0,0,0,0,2.69,1.06,0.1628,0.0465,0.0233,0
U04736,23,7,6,6,6,6,4,0,0,28,28,28,3.83,1.17,0.2609,0.1739,0.0,0
U04740,40,13,12,12,12,10,3,1,1,36,36,36,3.33,1.08,0.25,0.075,0.025,0
U04741,42,15,14,14,14,7,5,1,0,4,4,4,3.0,1.07,0.1667,0.119,0.0238,0
U04742,39,13,12,12,12,10,2,1,1,0,0,0,3.25,1.08,0.2564,0.0513,0.0256,0
U04743,61,20,19,19,19,12,9,1,0,68,68,68,3.21,1.05,0.1967,0.1475,0.0164,0
U04746,27,9,8,8,8,5,3,1,1,102,102,102,3.38,1.13,0.1852,0.1111,0.037,0
U04747,169,59,58,58,58,29,22,1,0,10,10,10,2.91,1.02,0.1716,0.1302,0.0059,0
U04748,17,6,5,5,5,4,2,0,0,18,18,18,3.4,1.2,0.2353,0.1176,0.0,0
U04749,4,2,1,1,1,1,0,0,0,12,12,12,4.0,2.0,0.25,0.0,0.0,0
U04750,173,58,57,57,57,33,23,1,1,58,58,58,3.04,1.02,0.1908,0.1329,0.0058,0
U04751,17,6,5,5,5,5,1,0,0,12,12,12,3.4,1.2,0.2941,0.0588,0.0,0
U04752,10,4,3,3,3,2,1,0,0,41,41,41,3.33,1.33,0.2,0.1,0.0,0
U04754,49,17,16,16,16,6,8,1,1,0,0,0,3.06,1.06,0.1224,0.1633,0.0204,0
U04755,44,15,14,14,14,7,7,1,0,74,74,74,3.14,1.07,0.1591,0.1591,0.0227,0
U04757,46,17,16,16,16,7,5,1,0,95,95,95,2.88,1.06,0.1522,0.1087,0.0217,0
U04759,65,21,20,20,20,14,9,1,0,98,98,98,3.25,1.05,0.2154,0.1385,0.0154,0
U04760,129,44,43,43,43,26,15,1,0,51,51,51,3.0,1.02,0.2016,0.1163,0.0078,0
U04761,57,19,18,18,18,13,6,1,0,76,76,76,3.17,1.06,0.2281,0.1053,0.0175,0
U04762,26,9,8,8,8,5,4,0,0,12,12,12,3.25,1.13,0.1923,0.1538,0.0,0
U04763,62,22,21,21,21,10,7,1,1,40,40,40,2.95,1.05,0.1613,0.1129,0.0161,0
U04764,17,6,5,5,5,3,3,0,0,17,17,17,3.4,1.2,0.1765,0.1765,0.0,0
U04765,21,7,6,6,6,5,3,0,0,8,8,8,3.5,1.17,0.2381,0.1429,0.0,0
U04766,37,13,12,12,12,4,7,1,0,104,104,104,3.08,1.08,0.1081,0.1892,0.027,0
U04767,57,21,20,20,20,7,7,1,1,84,84,84,2.85,1.05,0.1228,0.1228,0.0175,0
U04773,56,19,18,18,18,14,3,1,1,44,44,44,3.11,1.06,0.25,0.0536,0.0179,0
U04774,118,43,42,42,42,20,11,1,1,77,77,77,2.81,1.02,0.1695,0.0932,0.0085,0
U04775,64,21,20,20,20,14,8,1,0,66,66,66,3.2,1.05,0.2188,0.125,0.0156,0
U04777,74,25,24,24,24,17,6,1,1,86,86,86,3.08,1.04,0.2297,0.0811,0.0135,0
U04778,26,9,8,8,8,5,3,1,0,64,64,64,3.25,1.13,0.1923,0.1154,0.0385,0
U04779,19,7,6,6,6,4,2,0,0,80,80,80,3.17,1.17,0.2105,0.1053,0.0,0
U04780,50,17,16,16,16,10,5,1,1,0,0,0,3.13,1.06,0.2,0.1,0.02,0
U04781,5,2,1,1,1,1,1,0,0,89,89,89,5.0,2.0,0.2,0.2,0.0,0
U04782,25,9,8,8,8,4,3,1,0,60,60,60,3.13,1.13,0.16,0.12,0.04,0
U04784,14,5,4,4,4,3,2,0,0,49,49,49,3.5,1.25,0.2143,0.1429,0.0,0
U04785,5,2,1,1,1,0,0,1,1,113,113,113,5.0,2.0,0.0,0.0,0.2,0
U04786,21,7,6,6,6,5,3,0,0,100,100,100,3.5,1.17,0.2381,0.1429,0.0,0
U04787,4,2,1,1,1,1,0,0,0,28,28,28,4.0,2.0,0.25,0.0,0.0,0
U04788,77,27,26,26,26,11,11,1,1,26,26,26,2.96,1.04,0.1429,0.1429,0.013,0
U04790,43,14,13,13,13,10,4,1,1,23,23,23,3.31,1.08,0.2326,0.093,0.0233,0
U04792,37,14,13,13,13,5,4,1,0,70,70,70,2.85,1.08,0.1351,0.1081,0.027,0
U04793,45,16,15,15,15,8,5,1,0,9,9,9,3.0,1.07,0.1778,0.1111,0.0222,0
U04794,17,7,6,6,6,4,0,0,0,72,72,72,2.83,1.17,0.2353,0.0,0.0,0
U04795,3,2,1,1,1,0,0,0,0,60,60,60,3.0,2.0,0.0,0.0,0.0,0
U04797,34,12,11,11,11,8,3,0,0,100,100,100,3.09,1.09,0.2353,0.0882,0.0,0
U04798,58,21,20,20,20,9,7,1,0,29,29,29,2.9,1.05,0.1552,0.1207,0.0172,0
U04799,23,8,7,7,7,3,3,1,1,54,54,54,3.29,1.14,0.1304,0.1304,0.0435,0
U04802,4,2,1,1,1,1,0,0,0,32,32,32,4.0,2.0,0.25,0.0,0.0,0
U04803,22,8,7,7,7,3,3,1,0,110,110,110,3.14,1.14,0.1364,0.1364,0.0455,0
U04804,54,19,18,18,18,10,6,1,0,73,73,73,3.0,1.06,0.1852,0.1111,0.0185,0
U04807,57,19,18,18,18,14,5,1,0,78,78,78,3.17,1.06,0.2456,0.0877,0.0175,0
U04808,12,4,3,3,3,3,2,0,0,116,116,116,4.0,1.33,0.25,0.1667,0.0,0
U04810,38,14,13,13,13,9,1,1,0,39,39,39,2.92,1.08,0.2368,0.0263,0.0263,0
U04812,26,9,9,8,8,5,1,1,1,10,39,39,2.89,1.0,0.1923,0.0385,0.0385,0
U04814,42,14,13,13,13,10,4,1,0,0,0,0,3.23,1.08,0.2381,0.0952,0.0238,0
U04815,51,18,17,17,17,8,7,1,0,28,28,28,3.0,1.06,0.1569,0.1373,0.0196,0
U04818,4,2,1,1,1,0,1,0,0,90,90,90,4.0,2.0,0.0,0.25,0.0,0
U04822,159,55,54,54,54,35,14,1,0,31,31,31,2.94,1.02,0.2201,0.0881,0.0063,0
U04823,28,9,8,8,8,6,4,1,0,45,45,45,3.5,1.13,0.2143,0.1429,0.0357,0
U04825,6,3,2,2,2,1,0,0,0,0,0,0,3.0,1.5,0.1667,0.0,0.0,0
U04826,123,44,43,43,43,25,9,1,1,61,61,61,2.86,1.02,0.2033,0.0732,0.0081,0
U04827,156,55,54,54,54,30,16,1,0,18,18,18,2.89,1.02,0.1923,0.1026,0.0064,0
U04831,39,14,13,13,13,8,3,1,0,15,15,15,3.0,1.08,0.2051,0.0769,0.0256,0
U04834,19,7,6,6,6,3,3,0,0,101,101,101,3.17,1.17,0.1579,0.1579,0.0,0
U04836,3,2,1,1,1,0,0,0,0,1,1,1,3.0,2.0,0.0,0.0,0.0,0
U04837,125,43,42,42,42,21,17,1,1,55,55,55,2.98,1.02,0.168,0.136,0.008,0
U04839,38,12,11,11,11,9,5,1,0,43,43,43,3.45,1.09,0.2368,0.1316,0.0263,0
U04840,20,7,6,6,6,4,2,1,0,57,57,57,3.33,1.17,0.2,0.1,0.05,0
U04841,49,18,17,17,17,7,6,1,0,39,39,39,2.88,1.06,0.1429,0.1224,0.0204,0
U04844,55,19,18,18,18,9,9,0,0,25,25,25,3.06,1.06,0.1636,0.1636,0.0,0
U04847,127,43,42,42,42,20,20,1,1,46,46,46,3.02,1.02,0.1575,0.1575,0.0079,0
U04852,4,2,1,1,1,1,0,0,0,26,26,26,4.0,2.0,0.25,0.0,0.0,0
U04855,16,5,4,4,4,4,2,1,0,0,0,0,4.0,1.25,0.25,0.125,0.0625,0
U04856,95,33,32,32,32,20,8,1,1,11,11,11,2.97,1.03,0.2105,0.0842,0.0105,0
U04858,14,5,4,4,4,4,1,0,0,98,98,98,3.5,1.25,0.2857,0.0714,0.0,0
U04859,20,7,6,6,6,3,2,1,1,0,0,0,3.33,1.17,0.15,0.1,0.05,0
U04860,12,4,3,3,3,1,3,1,0,75,75,75,4.0,1.33,0.0833,0.25,0.0833,0
U04861,103,32,32,31,31,24,13,1,1,29,65,65,3.22,1.0,0.233,0.1262,0.0097,0
U04862,16,7,6,6,6,1,1,1,0,41,41,41,2.67,1.17,0.0625,0.0625,0.0625,0
U04863,27,9,8,8,8,3,5,1,1,0,0,0,3.38,1.13,0.1111,0.1852,0.037,0
U04864,25,10,9,9,9,4,0,1,1,0,0,0,2.78,1.11,0.16,0.0,0.04,0
U04865,112,38,37,37,37,21,14,1,1,0,0,0,3.03,1.03,0.1875,0.125,0.0089,0
U04867,37,13,12,12,12,7,3,1,1,80,80,80,3.08,1.08,0.1892,0.0811,0.027,0
U04869,60,21,20,20,20,13,5,1,0,18,18,18,3.0,1.05,0.2167,0.0833,0.0167,0
U04870,25,9,8,8,8,3,3,1,1,104,104,104,3.13,1.13,0.12,0.12,0.04,0
U04871,151,50,49,49,49,32,18,1,1,16,16,16,3.08,1.02,0.2119,0.1192,0.0066,0
U04872,18,7,6,6,6,3,2,0,0,32,32,32,3.0,1.17,0.1667,0.1111,0.0,0
U04875,5,2,1,1,1,1,1,0,0,8,8,8,5.0,2.0,0.2,0.2,0.0,0
U04876,35,13,12,12,12,6,4,0,0,83,83,83,2.92,1.08,0.1714,0.1143,0.0,0
U04878,50,18,17,17,17,9,5,1,0,61,61,61,2.94,1.06,0.18,0.1,0.02,0
U04879,25,9,8,8,8,4,3,1,0,1,1,1,3.13,1.13,0.16,0.12,0.04,0
U04880,8,4,3,3,3,1,0,0,0,0,0,0,2.67,1.33,0.125,0.0,0.0,0
U04881,32,11,10,10,10,5,4,1,1,29,29,29,3.2,1.1,0.1563,0.125,0.0313,0
U04882,19,7,6,6,6,4,1,1,0,0,0,0,3.17,1.17,0.2105,0.0526,0.0526,0
U04883,40,14,13,13,13,9,3,1,0,0,0,0,3.08,1.08,0.225,0.075,0.025,0
U04884,8,3,2,2,2,1,0,1,1,0,0,0,4.0,1.5,0.125,0.0,0.125,1
U04885,46,17,16,16,16,5,6,1,1,63,63,63,2.88,1.06,0.1087,0.1304,0.0217,0
U04886,30,11,10,10,10,5,3,1,0,90,90,90,3.0,1.1,0.1667,0.1,0.0333,0
U04887,10,4,3,3,3,2,1,0,0,14,14,14,3.33,1.33,0.2,0.1,0.0,0
U04888,19,8,7,7,7,3,1,0,0,4,4,4,2.71,1.14,0.1579,0.0526,0.0,0
U04891,27,9,8,8,8,6,3,1,0,49,49,49,3.38,1.13,0.2222,0.1111,0.037,0
U04892,43,15,14,14,14,8,4,1,1,80,80,80,3.07,1.07,0.186,0.093,0.0233,0
U04894,54,20,19,19,19,8,6,1,0,78,78,78,2.84,1.05,0.1481,0.1111,0.0185,0
U04895,8,4,3,3,3,1,0,0,0,18,18,18,2.67,1.33,0.125,0.0,0.0,0
U04896,33,12,11,11,11,8,2,0,0,101,101,101,3.0,1.09,0.2424,0.0606,0.0,0
U04897,24,9,8,8,8,5,2,0,0,16,16,16,3.0,1.13,0.2083,0.0833,0.0,0
U04898,18,7,6,6,6,3,2,0,0,109,109,109,3.0,1.17,0.1667,0.1111,0.0,0
U04899,35,13,13,12,12,5,2,1,1,34,107,107,2.69,1.0,0.1429,0.0571,0.0286,0
U04900,7,3,2,2,2,2,0,0,0,4,4,4,3.5,1.5,0.2857,0.0,0.0,0
U04901,14,6,5,5,5,2,1,0,0,99,99,99,2.8,1.2,0.1429,0.0714,0.0,0
U04902,110,37,36,36,36,23,13,1,0,0,0,0,3.06,1.03,0.2091,0.1182,0.0091,0
U04903,11,4,3,3,3,2,2,0,0,94,94,94,3.67,1.33,0.1818,0.1818,0.0,0
U04904,22,9,8,8,8,4,1,0,0,23,23,23,2.75,1.13,0.1818,0.0455,0.0,0
U04906,21,8,7,7,7,3,2,1,0,11,11,11,3.0,1.14,0.1429,0.0952,0.0476,0
U04909,103,34,33,33,33,24,10,1,1,23,23,23,3.12,1.03,0.233,0.0971,0.0097,0
U04910,134,46,45,45,45,26,15,1,1,29,29,29,2.98,1.02,0.194,0.1119,0.0075,0
U04911,40,15,14,14,14,7,3,1,0,44,44,44,2.86,1.07,0.175,0.075,0.025,0
U04912,57,20,19,19,19,8,9,1,0,6,6,6,3.0,1.05,0.1404,0.1579,0.0175,0
U04913,12,5,4,4,4,2,1,0,0,58,58,58,3.0,1.25,0.1667,0.0833,0.0,0
U04914,89,30,29,29,29,20,9,1,0,6,6,6,3.07,1.03,0.2247,0.1011,0.0112,0
U04915,18,7,6,6,6,3,2,0,0,75,75,75,3.0,1.17,0.1667,0.1111,0.0,0
U04916,20,7,6,6,6,4,3,0,0,82,82,82,3.33,1.17,0.2,0.15,0.0,0
U04917,12,4,3,3,3,2,3,0,0,27,27,27,4.0,1.33,0.1667,0.25,0.0,0
U04918,14,5,4,4,4,3,2,0,0,41,41,41,3.5,1.25,0.2143,0.1429,0.0,0
U04919,101,34,33,33,33,21,11,1,1,8,8,8,3.06,1.03,0.2079,0.1089,0.0099,0
U04920,23,8,7,7,7,5,2,1,0,105,105,105,3.29,1.14,0.2174,0.087,0.0435,0
U04925,32,12,11,11,11,7,1,1,0,24,24,24,2.91,1.09,0.2188,0.0313,0.0313,0
U04928,16,6,5,5,5,3,2,0,0,103,103,103,3.2,1.2,0.1875,0.125,0.0,0
U04929,35,12,11,11,11,7,4,1,0,83,83,83,3.18,1.09,0.2,0.1143,0.0286,0
U04930,103,35,34,34,34,19,13,1,1,80,80,80,3.03,1.03,0.1845,0.1262,0.0097,0
U04931,11,5,4,4,4,2,0,0,0,61,61,61,2.75,1.25,0.1818,0.0,0.0,0
U04932,12,5,4,4,4,2,1,0,0,67,67,67,3.0,1.25,0.1667,0.0833,0.0,0
U04933,18,7,6,6,6,2,3,0,0,88,88,88,3.0,1.17,0.1111,0.1667,0.0,0
U04934,55,18,17,17,17,11,7,1,1,29,29,29,3.24,1.06,0.2,0.1273,0.0182,0
U04935,169,58,57,57,57,32,20,1,1,13,13,13,2.96,1.02,0.1893,0.1183,0.0059,0
U04936,14,5,4,4,4,2,1,1,1,0,0,0,3.5,1.25,0.1429,0.0714,0.0714,0
U04937,16,5,4,4,4,4,3,0,0,71,71,71,4.0,1.25,0.25,0.1875,0.0,0
U04940,5,2,1,1,1,1,1,0,0,115,115,115,5.0,2.0,0.2,0.2,0.0,0
U04941,143,49,48,48,48,29,15,1,1,45,45,45,2.98,1.02,0.2028,0.1049,0.007,0
U04942,9,4,3,3,3,1,1,0,0,20,20,20,3.0,1.33,0.1111,0.1111,0.0,0
U04944,15,5,4,4,4,3,3,0,0,66,66,66,3.75,1.25,0.2,0.2,0.0,0
U04946,47,16,16,15,15,7,6,1,1,5,37,37,2.94,1.0,0.1489,0.1277,0.0213,0
U04948,25,9,8,8,8,5,3,0,0,53,53,53,3.13,1.13,0.2,0.12,0.0,0
U04949,33,11,10,10,10,9,3,0,0,0,0,0,3.3,1.1,0.2727,0.0909,0.0,0
U04954,137,46,45,45,45,29,15,1,1,40,40,40,3.04,1.02,0.2117,0.1095,0.0073,0
U04957,50,17,16,16,16,10,5,1,1,83,83,83,3.13,1.06,0.2,0.1,0.02,0
U04958,44,15,15,14,14,8,4,1,1,58,90,90,2.93,1.0,0.1818,0.0909,0.0227,0
U04959,15,6,5,5,5,2,2,0,0,115,115,115,3.0,1.2,0.1333,0.1333,0.0,0
U04960,23,8,7,7,7,4,3,1,0,15,15,15,3.29,1.14,0.1739,0.1304,0.0435,0
U04961,23,7,6,6,6,6,4,0,0,16,16,16,3.83,1.17,0.2609,0.1739,0.0,0
U04962,40,15,14,14,14,7,3,1,0,104,104,104,2.86,1.07,0.175,0.075,0.025,0
U04963,58,20,19,19,19,12,6,1,0,1,1,1,3.05,1.05,0.2069,0.1034,0.0172,0
U04964,147,49,48,48,48,30,18,1,1,56,56,56,3.06,1.02,0.2041,0.1224,0.0068,0
U04965,131,46,45,45,45,25,13,1,1,0,0,0,2.91,1.02,0.1908,0.0992,0.0076,1
U04966,14,5,4,4,4,2,1,1,1,26,26,26,3.5,1.25,0.1429,0.0714,0.0714,0
U04967,45,17,16,16,16,6,5,1,0,85,85,85,2.81,1.06,0.1333,0.1111,0.0222,0
U04968,16,7,6,6,6,3,0,0,0,114,114,114,2.67,1.17,0.1875,0.0,0.0,0
U04969,56,19,18,18,18,13,5,1,0,73,73,73,3.11,1.06,0.2321,0.0893,0.0179,0
U04970,123,44,43,43,43,19,15,1,1,0,0,0,2.86,1.02,0.1545,0.122,0.0081,0
U04971,14,5,4,4,4,3,2,0,0,115,115,115,3.5,1.25,0.2143,0.1429,0.0,0
U04972,11,4,3,3,3,2,2,0,0,0,0,0,3.67,1.33,0.1818,0.1818,0.0,0
U04973,48,17,16,16,16,8,6,1,0,0,0,0,3.0,1.06,0.1667,0.125,0.0208,0
U04974,36,13,12,12,12,7,3,1,0,29,29,29,3.0,1.08,0.1944,0.0833,0.0278,0
U04975,44,15,14,14,14,11,2,1,1,0,0,0,3.14,1.07,0.25,0.0455,0.0227,0
U04977,29,10,9,9,9,6,3,1,0,85,85,85,3.22,1.11,0.2069,0.1034,0.0345,0
U04978,94,33,32,32,32,19,8,1,1,20,20,20,2.94,1.03,0.2021,0.0851,0.0106,0
U04980,7,3,2,2,2,1,1,0,0,8,8,8,3.5,1.5,0.1429,0.1429,0.0,0
U04981,41,14,13,13,13,9,3,1,1,0,0,0,3.15,1.08,0.2195,0.0732,0.0244,0
U04982,3,2,1,1,1,0,0,0,0,111,111,111,3.0,2.0,0.0,0.0,0.0,0
U04984,35,12,11,11,11,5,5,1,1,72,72,72,3.18,1.09,0.1429,0.1429,0.0286,0
U04985,4,2,1,1,1,1,0,0,0,80,80,80,4.0,2.0,0.25,0.0,0.0,0
U04986,15,5,4,4,4,2,2,1,1,0,0,0,3.75,1.25,0.1333,0.1333,0.0667,0
U04987,27,9,8,8,8,5,5,0,0,21,21,21,3.38,1.13,0.1852,0.1852,0.0,0
U04988,29,9,8,8,8,7,3,1,1,19,19,19,3.63,1.13,0.2414,0.1034,0.0345,0
U04989,22,8,7,7,7,4,1,1,1,0,0,0,3.14,1.14,0.1818,0.0455,0.0455,0
U04991,17,6,5,5,5,5,1,0,0,25,25,25,3.4,1.2,0.2941,0.0588,0.0,0
U04992,14,5,4,4,4,4,1,0,0,31,31,31,3.5,1.25,0.2857,0.0714,0.0,0
U04994,144,49,48,48,48,30,15,1,1,5,5,5,3.0,1.02,0.2083,0.1042,0.0069,0
U04995,15,6,5,5,5,3,1,0,0,112,112,112,3.0,1.2,0.2,0.0667,0.0,0
U04997,14,5,4,4,4,2,3,0,0,20,20,20,3.5,1.25,0.1429,0.2143,0.0,0
U04999,54,19,18,18,18,11,5,1,0,0,0,0,3.0,1.06,0.2037,0.0926,0.0185,0
U05000,61,21,20,20,20,13,6,1,0,34,34,34,3.05,1.05,0.2131,0.0984,0.0164,0
